lot_area,year_built,gr_liv_area,bedrooms,bathrooms,garage_cars,neighborhood,sale_type,sale_price
13664,1962,796,1,2.5,1.0,NWAmes,WD,134400
6750,1908,859,2,1.5,3.0,NWAmes,New,100600
7408,1900,1696,4,1.0,3.0,BrkSide,WD,151800
7850,1922,720,6,2.0,2.0,Gilbert,WD,84800
3919,2015,1321,1,1.0,1.0,Gilbert,WD,160800
15228,2018,1565,2,2.5,0.0,Somerst,WD,133700
17958,1950,1666,2,2.0,1.0,NWAmes,WD,147600
6970,2020,1443,5,1.5,3.0,Gilbert,WD,172000
11779,1906,1354,1,2.0,2.0,BrkSide,New,172700
8667,2019,1838,5,,2.0,Sawyer,WD,183800
11663,1928,1614,3,1.5,3.0,Gilbert,WD,150200
7232,1904,1241,3,1.5,1.0,Sawyer,WD,129200
6363,1993,1515,7,2.5,2.0,OldTown,WD,211800
16748,1947,1653,6,3.0,1.0,CollgCr,WD,157500
9586,1936,2187,6,2.5,1.0,CollgCr,WD,185100
27202,1994,1815,7,1.5,3.0,Gilbert,WD,232600
10129,1941,1986,2,3.0,3.0,Sawyer,WD,217900
6229,1993,1256,6,1.0,1.0,CollgCr,WD,160300
18278,1924,1290,2,1.5,1.0,CollgCr,New,121300
13567,1910,1406,3,1.0,2.0,NWAmes,WD,156200
14235,1940,1443,4,3.0,0.0,BrkSide,WD,106900
17949,1975,1097,6,1.0,2.0,OldTown,WD,137200
7141,1927,2006,5,2.0,2.0,BrkSide,WD,213900
9287,1917,1853,4,1.0,1.0,CollgCr,WD,187900
9084,1992,1378,3,1.5,1.0,CollgCr,WD,166900
5191,1961,1757,5,,1.0,Gilbert,WD,131100
8675,1953,1589,4,3.0,3.0,Sawyer,COD,157900
19306,1929,1788,4,1.0,1.0,BrkSide,WD,148300
11144,1902,962,5,1.0,2.0,OldTown,WD,116900
5049,1906,1442,5,1.5,1.0,OldTown,WD,110900
4546,1984,1477,3,3.0,2.0,NWAmes,WD,168300
22752,1909,1749,1,1.0,1.0,NWAmes,WD,189000
9460,1930,1249,3,1.0,0.0,CollgCr,COD,128500
7160,2012,500,3,2.0,2.0,Gilbert,WD,132300
8630,1942,1067,2,1.5,2.0,CollgCr,New,117700
4728,1992,1476,2,1.0,1.0,BrkSide,WD,130800
20162,1942,1526,7,2.0,1.0,CollgCr,New,126800
8131,2015,2173,2,2.5,3.0,Gilbert,ConLD,199200
19608,2001,1733,6,1.0,1.0,NWAmes,COD,181900
10156,1958,1533,1,2.5,1.0,OldTown,WD,164200
20227,1984,1487,7,1.0,2.0,Gilbert,New,154500
11253,1951,1942,2,2.5,1.0,CollgCr,WD,179900
15163,2017,1264,3,1.5,2.0,NWAmes,WD,200800
14179,1944,1444,6,1.5,,Gilbert,WD,198600
13516,2003,1064,2,1.0,2.0,OldTown,WD,171600
11778,1976,2068,4,3.0,2.0,CollgCr,WD,199800
8809,1979,1657,6,2.0,2.0,Somerst,WD,196400
25789,1943,1217,1,2.5,2.0,BrkSide,WD,173700
6289,2003,1454,1,1.5,0.0,CollgCr,WD,113500
9918,1992,1704,6,1.0,1.0,BrkSide,WD,205800
9971,2001,1400,2,1.0,2.0,NWAmes,New,163200
12103,1999,1286,7,2.0,,BrkSide,WD,144500
7985,1919,1238,7,1.5,0.0,Sawyer,New,109500
11584,2008,1636,7,2.5,1.0,Somerst,New,183600
9096,2004,1357,7,2.5,2.0,NWAmes,WD,150400
4487,1930,1318,6,1.5,1.0,Sawyer,WD,130600
9945,2021,966,3,2.0,2.0,OldTown,WD,166700
5709,1965,1531,7,1.5,2.0,Gilbert,WD,174900
4158,1939,1428,3,2.5,2.0,NWAmes,WD,164700
10598,1927,1371,5,2.5,1.0,OldTown,WD,131800
12631,1945,1580,1,2.5,2.0,BrkSide,WD,181100
12879,1904,1799,7,,1.0,CollgCr,WD,176100
13142,1985,1781,5,1.5,3.0,BrkSide,WD,222200
3766,1987,1721,7,3.0,2.0,CollgCr,New,196100
5012,1982,1404,3,1.5,0.0,NWAmes,WD,163400
26549,1968,1273,3,1.0,2.0,Somerst,New,174600
5863,1944,1082,4,1.0,2.0,BrkSide,WD,193000
13432,1989,1263,7,1.0,2.0,BrkSide,WD,187300
7020,2008,1508,4,2.5,2.0,Sawyer,WD,180400
10299,1910,1185,6,1.0,2.0,Sawyer,WD,116700
7211,1947,1538,2,2.0,2.0,Sawyer,WD,160300
13105,2023,1114,6,1.5,3.0,Somerst,WD,170300
10598,2006,836,6,1.0,1.0,BrkSide,WD,142800
7910,2023,1828,7,3.0,2.0,NWAmes,COD,190200
5854,1922,1310,1,2.5,2.0,Somerst,WD,169300
11315,1957,1165,3,3.0,2.0,CollgCr,WD,120200
5397,1916,1062,1,3.0,2.0,Gilbert,New,97400
12256,2007,1669,3,3.0,1.0,CollgCr,WD,176000
36800,1964,2050,6,2.5,2.0,Gilbert,New,181900
19440,1930,1339,5,2.0,1.0,OldTown,WD,112300
14174,1911,1414,6,2.5,1.0,Gilbert,WD,123100
9482,1991,1929,6,2.0,2.0,Gilbert,WD,185000
3754,2000,776,7,1.0,1.0,NWAmes,WD,127700
5109,2009,2287,7,1.5,,Gilbert,WD,188900
18796,2020,2478,5,2.0,0.0,BrkSide,New,204300
6668,2001,417,7,1.0,2.0,Sawyer,WD,119900
6977,1997,1461,1,3.0,3.0,NWAmes,COD,208500
9110,2000,1212,6,3.0,2.0,BrkSide,WD,192900
5820,2023,1394,4,2.0,1.0,BrkSide,WD,171300
5359,1957,1333,7,2.0,2.0,CollgCr,New,161700
9650,1994,1825,4,,1.0,Somerst,New,179700
6337,2001,1455,2,2.0,3.0,Sawyer,WD,198700
6833,1914,1136,6,2.5,2.0,NWAmes,WD,141300
6697,1985,1431,7,2.0,1.0,OldTown,WD,185500
12851,1942,1706,1,1.5,2.0,NWAmes,WD,135500
8813,1916,1027,1,2.5,1.0,Somerst,New,111400
9052,1921,842,5,1.0,2.0,Sawyer,WD,126200
13339,1914,2297,4,1.5,1.0,NWAmes,WD,184800
9219,2011,1243,4,2.5,3.0,OldTown,WD,161700
8612,1995,1445,1,2.5,2.0,OldTown,WD,148800
12522,1912,1341,5,3.0,3.0,Somerst,WD,172300
13823,1977,1719,4,2.5,3.0,CollgCr,WD,181300
9195,1981,2209,6,1.0,1.0,BrkSide,WD,165500
10304,1964,1732,3,3.0,2.0,CollgCr,ConLD,198400
6695,1975,893,3,2.0,2.0,Gilbert,New,147600
6436,2012,946,1,1.0,1.0,OldTown,WD,138100
14539,1964,1340,4,2.0,0.0,NWAmes,WD,117400
12363,1981,1393,5,1.0,1.0,BrkSide,COD,153400
12427,1970,811,2,2.0,1.0,Gilbert,New,144700
11389,1949,1828,6,2.0,,Somerst,New,161700
10128,2010,1065,7,1.0,2.0,Sawyer,WD,127100
14020,1951,2097,2,3.0,2.0,NWAmes,WD,184900
15797,1999,2228,5,2.0,3.0,CollgCr,New,230500
15609,1975,1401,5,3.0,1.0,BrkSide,WD,144400
9411,1984,1676,1,2.0,2.0,BrkSide,WD,197000
19801,1994,1007,2,2.0,0.0,NWAmes,WD,148200
11095,1991,1749,3,3.0,1.0,OldTown,WD,183900
13578,1969,1301,1,1.5,1.0,Somerst,WD,158300
11396,1976,1065,3,3.0,1.0,NWAmes,WD,141600
11198,1963,1384,2,1.0,2.0,BrkSide,WD,162000
6851,1942,1314,7,3.0,2.0,Sawyer,WD,125800
14054,1990,1370,5,2.5,1.0,CollgCr,WD,136600
41054,2008,1880,3,2.0,0.0,NWAmes,COD,151600
8206,1987,1186,6,1.5,2.0,CollgCr,WD,155200
10255,1995,2194,1,2.0,0.0,NWAmes,WD,196600
7918,2002,970,5,2.0,2.0,NWAmes,WD,121800
7754,1945,2146,5,3.0,3.0,NWAmes,WD,211800
21423,1907,1093,6,3.0,2.0,Somerst,WD,111500
7069,1941,1500,2,2.0,2.0,NWAmes,WD,140200
7808,1993,1304,5,1.5,2.0,Sawyer,New,153900
4475,2001,1363,6,1.5,2.0,NWAmes,WD,149700
6776,1963,1821,6,1.5,3.0,OldTown,ConLD,210000
4212,1996,2100,2,1.0,3.0,Sawyer,WD,219700
13574,1909,1976,7,1.0,2.0,Gilbert,WD,194500
40129,1979,1338,2,2.5,2.0,Gilbert,WD,155200
8239,1984,1574,3,1.5,2.0,Gilbert,WD,170500
4301,1962,1187,2,2.0,0.0,CollgCr,COD,164200
15522,1988,1103,2,2.5,2.0,BrkSide,New,121400
6881,1960,1041,2,2.5,2.0,BrkSide,WD,167700
18952,1964,1325,1,1.5,2.0,CollgCr,WD,192000
8595,1974,1600,6,2.5,1.0,CollgCr,ConLD,180300
7216,1998,735,5,1.0,1.0,CollgCr,WD,118000
9055,1930,1481,3,2.0,1.0,BrkSide,WD,173800
14456,1937,2106,4,1.0,2.0,BrkSide,WD,187300
8833,1951,1949,5,2.0,3.0,CollgCr,WD,187200
7721,1925,1266,2,1.0,3.0,Gilbert,WD,148200
8961,1941,941,3,3.0,,CollgCr,WD,107500
5240,1943,1684,7,,1.0,OldTown,New,141400
12070,1938,573,1,1.5,2.0,CollgCr,WD,131900
4051,1950,1944,7,2.5,2.0,OldTown,WD,173300
7926,1962,1415,7,1.5,2.0,Sawyer,WD,162600
14468,1986,2233,2,2.0,1.0,Sawyer,New,174500
11516,1937,809,3,1.0,1.0,CollgCr,WD,111000
13295,2004,1867,2,2.0,2.0,NWAmes,New,177600
9580,1959,1460,4,1.0,2.0,CollgCr,WD,141200
17763,1989,1368,2,1.0,1.0,NWAmes,WD,154600
15715,1914,952,6,2.0,3.0,BrkSide,New,156500
12371,1921,1738,3,2.0,2.0,BrkSide,New,177500
15737,1956,1770,7,1.5,3.0,Sawyer,WD,203100
14403,1945,2214,6,1.0,2.0,CollgCr,WD,199500
7945,1961,1903,3,2.0,2.0,CollgCr,WD,183100
5055,1919,1262,5,3.0,3.0,CollgCr,WD,169700
12212,1958,1098,1,2.5,3.0,OldTown,New,145300
13004,1985,953,1,1.0,3.0,Gilbert,New,173400
17073,1990,2089,4,3.0,2.0,Gilbert,WD,233400
6197,1930,1189,4,2.0,2.0,BrkSide,COD,124400
6290,1942,2092,3,2.0,1.0,OldTown,WD,168600
12456,1965,1710,1,1.0,1.0,CollgCr,COD,157400
9551,1964,1632,6,1.5,3.0,Sawyer,New,158400
3855,1998,1377,3,2.5,1.0,Gilbert,COD,150500
11939,1948,1764,4,1.5,2.0,Somerst,New,204200
3920,1983,1494,3,1.0,3.0,CollgCr,ConLD,165000
6169,2009,1352,4,1.0,3.0,NWAmes,WD,212400
19455,1936,1778,5,3.0,3.0,CollgCr,WD,178700
24648,2002,1442,6,3.0,2.0,NWAmes,WD,219000
5389,1941,1181,4,1.0,2.0,BrkSide,New,130400
8394,1941,1740,2,3.0,3.0,CollgCr,WD,183900
10110,1981,1474,7,3.0,1.0,OldTown,COD,142000
24116,1977,1696,2,1.5,1.0,Sawyer,WD,157400
7735,1968,1318,1,2.5,3.0,OldTown,New,198500
7797,1928,1016,1,1.5,2.0,BrkSide,WD,140600
21469,1911,2194,6,1.5,2.0,Sawyer,New,211300
8206,2012,2119,3,2.5,1.0,Somerst,COD,178600
14201,2008,1854,1,1.5,2.0,Somerst,WD,214300
4729,2009,1345,6,1.5,3.0,Somerst,WD,166000
9085,1963,1380,3,1.5,2.0,Somerst,WD,134900
4317,2009,2053,7,1.0,,Sawyer,New,217200
5839,1958,1358,7,3.0,2.0,Sawyer,New,163500
15057,1909,1247,1,2.5,3.0,CollgCr,WD,151200
9653,1924,2249,5,3.0,3.0,CollgCr,WD,224000
8438,1933,1481,5,2.0,2.0,NWAmes,WD,175600
6806,1946,2207,2,1.0,2.0,Gilbert,WD,231400
8863,2016,941,3,1.5,1.0,Sawyer,New,117500
11505,1941,1707,4,1.5,2.0,Somerst,WD,203000
16179,1975,2328,2,,1.0,NWAmes,COD,243000
2664,1933,1512,6,1.5,2.0,OldTown,ConLD,152500
6530,1979,1394,2,2.5,2.0,NWAmes,COD,133800
10717,1970,1033,7,1.0,1.0,Gilbert,WD,104900
9420,1918,1933,6,3.0,1.0,Somerst,WD,157300
12109,1957,1192,5,2.5,1.0,Somerst,New,177700
11314,1913,1462,1,2.0,1.0,NWAmes,WD,139500
8498,2010,1006,1,1.5,2.0,BrkSide,ConLD,142800
7605,1987,2123,2,1.5,1.0,Gilbert,WD,184000
8754,2016,1962,4,1.5,1.0,BrkSide,WD,171100
17577,2008,1487,6,2.0,3.0,OldTown,ConLD,210500
6864,1927,1038,2,3.0,1.0,Sawyer,New,118100
9591,1987,2114,5,1.5,3.0,OldTown,WD,263200
10847,1912,1354,1,2.5,2.0,Somerst,WD,157400
21594,2019,1058,2,2.0,2.0,Somerst,WD,177300
8517,1997,795,5,2.5,2.0,CollgCr,WD,134800
15985,1984,1242,6,2.5,1.0,BrkSide,WD,126500
18324,2023,918,6,1.0,2.0,BrkSide,WD,136700
9587,2005,1251,4,1.0,2.0,NWAmes,WD,139700
8907,2007,1798,1,3.0,1.0,NWAmes,WD,204000
8396,1912,1350,3,1.0,2.0,Sawyer,WD,137000
8709,1902,1642,6,2.0,2.0,Gilbert,WD,176800
15171,2019,1211,1,2.5,3.0,NWAmes,WD,183800
11109,1931,1526,5,2.0,2.0,Sawyer,WD,154200
11133,1952,2268,5,1.0,0.0,CollgCr,WD,159700
5639,1905,1361,6,1.0,3.0,CollgCr,WD,161200
6101,1977,1654,2,2.5,3.0,OldTown,WD,188500
28904,2001,874,2,3.0,2.0,OldTown,WD,163200
9055,2004,2108,2,1.5,1.0,CollgCr,New,187600
6718,1972,1309,3,2.0,2.0,Gilbert,New,172700
20243,1982,1920,4,3.0,2.0,Sawyer,ConLD,229800
11395,1963,1451,1,3.0,1.0,Gilbert,COD,159000
13215,1955,1745,4,2.0,3.0,NWAmes,WD,207000
9237,1968,1768,2,2.5,2.0,CollgCr,New,195900
8439,2016,1319,4,3.0,3.0,OldTown,WD,224100
9093,1931,1937,3,2.5,2.0,Gilbert,New,190100
4957,1958,1196,7,2.0,1.0,OldTown,COD,152000
9471,1974,1811,3,2.5,3.0,Sawyer,New,199900
11476,1970,1344,7,1.5,2.0,Somerst,WD,146200
24965,1903,1640,2,3.0,2.0,Somerst,WD,133700
10332,1935,1315,1,1.0,2.0,OldTown,WD,175000
3081,1980,1520,2,1.5,1.0,CollgCr,WD,142200
9443,1986,1070,3,1.5,2.0,OldTown,New,166400
38939,1991,1599,7,1.5,2.0,Sawyer,WD,190400
15263,2022,1518,2,2.0,3.0,NWAmes,WD,217200
6598,1983,1284,6,2.5,3.0,Sawyer,WD,164000
13300,1971,1478,5,3.0,2.0,NWAmes,WD,153600
6829,1941,1554,3,2.0,1.0,BrkSide,WD,160100
5030,1945,1253,3,2.5,2.0,Sawyer,WD,143400
8315,2002,1448,7,2.0,0.0,CollgCr,WD,128400
10361,1958,1098,6,1.0,2.0,OldTown,WD,183400
3881,1988,2438,2,2.5,2.0,BrkSide,WD,211500
5572,1915,1924,7,1.0,3.0,CollgCr,New,169200
9948,1915,1609,3,2.0,1.0,Sawyer,WD,143000
8070,1926,1969,1,3.0,1.0,Gilbert,WD,196000
12057,1924,708,6,2.5,3.0,Gilbert,WD,81600
5392,1975,477,7,2.0,2.0,CollgCr,WD,138900
14144,1979,1340,4,1.5,3.0,Somerst,WD,158000
5476,1969,949,5,3.0,3.0,NWAmes,WD,157000
22502,1935,1405,2,3.0,2.0,OldTown,COD,141100
4197,1971,1582,6,1.5,2.0,Somerst,WD,214900
5731,1914,1868,3,1.0,2.0,NWAmes,New,176200
12194,1958,1045,2,2.0,2.0,CollgCr,WD,127500
22745,1919,1660,4,,3.0,Somerst,WD,169800
11586,1909,1506,2,3.0,1.0,BrkSide,New,142100
13114,1920,1639,5,3.0,2.0,Somerst,WD,166500
9984,1913,1292,6,1.5,1.0,BrkSide,New,138500
5924,1959,2053,3,1.5,2.0,BrkSide,New,197400
7746,1967,1459,6,3.0,2.0,Gilbert,WD,139600
5399,1975,2210,4,1.5,3.0,CollgCr,ConLD,216000
5222,1954,1184,7,2.0,2.0,CollgCr,COD,160300
12099,1921,1797,2,1.5,1.0,BrkSide,WD,146500
5644,1902,1476,5,1.5,1.0,OldTown,WD,150000
11612,1988,1369,4,2.0,1.0,NWAmes,WD,157100
5162,2021,1753,7,1.5,1.0,Gilbert,New,183200
11478,1934,1380,2,2.0,3.0,Sawyer,COD,188800
7752,1925,435,2,1.5,2.0,BrkSide,New,63500
19996,1938,400,7,1.0,1.0,CollgCr,WD,74700
11636,1926,2009,7,2.5,2.0,NWAmes,WD,209700
18359,1927,1992,6,3.0,1.0,Gilbert,WD,209100
6783,1961,2255,4,2.0,1.0,BrkSide,WD,242800
10179,1997,1493,3,1.5,3.0,NWAmes,WD,191000
6060,1988,983,5,2.5,0.0,OldTown,WD,132400
8048,2019,1332,6,2.0,,BrkSide,WD,192100
8681,1944,1505,2,2.0,2.0,NWAmes,WD,188300
6885,1961,1097,1,2.0,1.0,CollgCr,New,139700
5390,1947,2159,1,2.5,1.0,CollgCr,WD,206200
4882,1905,2396,3,1.0,1.0,CollgCr,WD,197300
3072,1948,1691,5,1.0,1.0,Sawyer,WD,172600
5836,1932,1496,4,1.0,3.0,BrkSide,COD,152300
13545,1959,982,5,1.0,2.0,NWAmes,New,131900
4450,1919,2119,4,3.0,2.0,OldTown,WD,178600
4994,1991,1531,2,2.5,1.0,BrkSide,WD,142500
24232,2004,1384,6,2.5,3.0,Gilbert,WD,153100
7199,2019,1692,6,2.5,1.0,NWAmes,WD,175100
11620,1910,1266,7,1.0,3.0,OldTown,WD,146200
13645,1914,1559,6,1.5,1.0,BrkSide,WD,146800
13784,2019,923,3,2.5,3.0,OldTown,WD,176400
4623,2005,1935,5,2.0,1.0,Gilbert,WD,196500
8817,1972,1458,3,2.0,0.0,Gilbert,WD,139500
4407,1939,1964,7,2.5,2.0,NWAmes,WD,168200
33629,1964,1420,5,1.0,1.0,NWAmes,WD,169600
4458,1966,1446,6,2.5,2.0,Somerst,WD,164100
5861,2005,1015,2,2.5,2.0,Gilbert,WD,145400
5882,1965,1804,1,2.0,2.0,Somerst,WD,181800
4683,1903,1150,1,2.0,1.0,NWAmes,WD,104300
19464,1986,1305,4,1.0,2.0,Gilbert,WD,153800
33231,1996,1500,7,1.5,1.0,Sawyer,WD,154900
7802,1936,1548,5,1.5,3.0,CollgCr,WD,169000
5114,1914,818,6,3.0,2.0,BrkSide,WD,129100
3234,1917,1408,4,1.0,2.0,OldTown,WD,157500
8760,2004,1818,7,1.5,3.0,CollgCr,WD,240900
8449,1955,1349,7,1.0,2.0,Somerst,WD,181700
7146,1965,1410,2,1.5,2.0,Somerst,WD,203000
11056,2019,1565,7,1.0,1.0,Somerst,WD,187800
12059,1907,1450,1,1.5,2.0,Somerst,COD,159500
11632,1925,1088,5,2.5,1.0,NWAmes,WD,112400
8450,2003,1485,4,2.5,0.0,Sawyer,WD,171900
5706,1966,1898,3,1.5,2.0,Sawyer,WD,177900
13807,1903,1080,7,2.5,0.0,Somerst,New,73700
9959,1987,1350,5,2.5,2.0,CollgCr,WD,197700
15432,1917,947,1,3.0,1.0,Gilbert,COD,87000
14692,1996,1877,1,3.0,2.0,OldTown,WD,207600
4862,1998,1463,1,1.5,3.0,NWAmes,WD,171100
4831,2002,1160,3,2.0,0.0,CollgCr,WD,159700
6783,1957,1537,1,2.5,2.0,Gilbert,COD,193700
5836,1933,1019,2,1.5,2.0,OldTown,ConLD,143300
14438,2009,1087,6,2.0,3.0,Sawyer,New,196200
11798,1969,916,7,2.0,1.0,CollgCr,WD,126000
17147,1978,1073,6,1.5,2.0,NWAmes,New,193900
12067,1916,2043,4,,2.0,Gilbert,WD,198900
10985,1977,1207,5,1.0,2.0,NWAmes,WD,138300
18031,1971,1686,7,2.5,1.0,NWAmes,WD,170200
12517,1936,1165,1,3.0,1.0,CollgCr,COD,126600
10240,1995,1804,7,2.5,2.0,Sawyer,WD,189500
20748,1916,1090,6,1.5,1.0,NWAmes,WD,86400
10484,1989,1516,3,1.0,2.0,CollgCr,WD,184600
8500,2019,1521,4,2.5,2.0,CollgCr,WD,158400
6510,1970,2431,4,1.0,2.0,NWAmes,WD,171000
14066,1912,1752,2,2.0,1.0,Sawyer,New,147900
18371,1968,1263,2,3.0,1.0,BrkSide,WD,129500
9650,1965,1774,3,1.0,2.0,Somerst,WD,166600
19034,1968,2355,1,2.0,2.0,Somerst,WD,154700
3696,1933,848,4,3.0,3.0,OldTown,WD,118300
9626,1977,1163,4,1.5,2.0,NWAmes,WD,150400
9701,1932,1405,3,3.0,2.0,CollgCr,WD,141000
6881,1969,1333,2,3.0,0.0,Sawyer,WD,144600
32596,1973,1367,7,2.0,3.0,NWAmes,WD,203700
9575,1980,978,5,1.5,1.0,CollgCr,COD,142900
8072,1998,2062,4,2.5,1.0,BrkSide,WD,218100
10026,2009,931,6,2.5,1.0,Sawyer,WD,160900
3636,1996,1420,3,2.0,0.0,Somerst,COD,129300
6769,1998,1918,2,1.0,2.0,OldTown,WD,210500
16181,2007,1488,5,2.5,1.0,CollgCr,New,188600
7227,1930,1108,6,1.5,1.0,Somerst,COD,116000
6539,1936,961,5,1.0,1.0,Somerst,New,102600
19049,1966,1408,4,1.0,3.0,Sawyer,WD,186600
19344,1957,1197,1,2.0,2.0,BrkSide,WD,120100
12817,1987,1582,5,1.0,3.0,Sawyer,WD,170100
7883,1901,939,5,1.5,3.0,Sawyer,WD,117400
8780,1917,1825,3,1.5,3.0,OldTown,ConLD,193300
6620,1992,1546,2,2.0,2.0,CollgCr,WD,183800
6019,2001,1576,7,2.5,1.0,BrkSide,New,192400
5871,1937,2076,3,2.0,1.0,Gilbert,WD,161600
7266,1938,1325,2,2.0,1.0,CollgCr,WD,119600
5900,1969,1210,5,1.0,2.0,Sawyer,WD,164500
4529,1959,1281,4,1.0,0.0,CollgCr,New,115000
11045,1920,1423,4,3.0,1.0,Sawyer,WD,127000
11129,1962,1464,5,2.5,2.0,BrkSide,New,128800
23165,2001,1168,3,1.0,1.0,NWAmes,WD,155200
7086,1990,691,2,2.0,0.0,Gilbert,COD,138600
11476,2001,1276,2,1.0,1.0,Sawyer,WD,134700
11572,1979,1644,7,1.0,2.0,BrkSide,New,201400
8717,2008,1555,4,1.5,1.0,Gilbert,WD,171500
14359,1930,1980,3,2.5,1.0,Somerst,WD,137400
14583,1905,2282,3,2.5,1.0,CollgCr,COD,163900
11658,1914,1804,6,2.5,2.0,Somerst,WD,151100
8710,2023,2053,7,1.0,1.0,OldTown,WD,198300
8277,1979,1807,6,1.0,0.0,Gilbert,New,174300
4995,1930,2184,4,2.0,3.0,Somerst,WD,244900
6615,2005,2240,4,3.0,3.0,Gilbert,New,204900
7252,1938,1880,7,2.5,1.0,OldTown,WD,159900
5642,1974,1783,6,2.5,1.0,Somerst,COD,157100
12332,1930,1418,3,1.0,1.0,Somerst,WD,116400
18003,1911,1483,7,,2.0,OldTown,WD,153600
6285,1933,1365,6,3.0,1.0,Sawyer,New,139800
11404,1928,1749,6,2.0,3.0,Gilbert,WD,147100
5901,1968,1212,1,1.5,2.0,Sawyer,WD,154200
8498,1902,1424,1,2.5,2.0,Sawyer,WD,121600
7008,1929,558,3,2.5,0.0,OldTown,WD,82400
13372,1970,2189,6,3.0,3.0,BrkSide,New,245600
7049,1948,1412,1,1.0,2.0,OldTown,WD,168100
16413,1978,1682,1,2.0,2.0,BrkSide,New,186300
8753,1981,2083,1,2.5,0.0,Gilbert,New,171100
7152,2019,1620,2,1.5,2.0,Sawyer,WD,192900
5289,2003,2078,7,3.0,2.0,NWAmes,WD,223300
11233,1928,1003,6,1.0,3.0,CollgCr,WD,151600
15485,1985,2459,6,1.0,2.0,CollgCr,WD,225600
11346,1977,1935,3,2.5,2.0,OldTown,WD,200700
30316,1973,1584,5,1.0,2.0,Sawyer,WD,149500
20229,1999,2070,6,2.0,2.0,NWAmes,New,195700
8487,1918,1033,4,1.5,3.0,CollgCr,WD,155200
8442,1946,1385,6,2.5,,OldTown,WD,173600
12517,2001,2078,4,1.0,1.0,OldTown,WD,201300
6509,2010,753,3,1.5,0.0,CollgCr,New,146800
17732,1904,1724,5,3.0,2.0,Sawyer,WD,173000
11859,1958,1713,7,1.5,3.0,BrkSide,WD,185800
11251,1932,2288,6,2.0,0.0,Gilbert,COD,153800
13953,1920,867,4,3.0,1.0,BrkSide,WD,137300
23422,1907,2144,5,2.5,3.0,Somerst,WD,214200
10780,1966,1276,7,2.5,2.0,Somerst,WD,192700
9353,1982,1321,6,3.0,1.0,Gilbert,WD,195400
21044,1965,1011,4,2.5,1.0,OldTown,New,104200
16055,1945,1065,2,3.0,2.0,BrkSide,WD,113200
8430,1995,1661,7,2.0,1.0,Sawyer,New,117400
9923,1980,1055,7,3.0,2.0,OldTown,WD,167200
10913,2012,1796,1,2.5,2.0,CollgCr,New,212300
11860,1943,1235,1,1.5,2.0,Gilbert,COD,149600
5023,1929,1015,1,2.0,2.0,Sawyer,New,106800
4577,1956,1289,3,1.5,0.0,CollgCr,WD,128700
6351,1962,1635,2,1.5,1.0,Sawyer,WD,167000
6110,1956,1389,7,1.5,1.0,NWAmes,COD,163600
7173,2003,1514,7,2.0,0.0,Gilbert,WD,162400
13594,1905,1778,2,1.5,2.0,Somerst,WD,179400
9096,1965,1933,6,2.5,1.0,NWAmes,COD,178100
10918,1953,1376,1,1.5,2.0,Somerst,New,182000
5366,1926,1082,6,2.0,1.0,CollgCr,WD,134700
7857,1979,1530,3,1.0,1.0,CollgCr,New,138900
13275,1999,1688,1,1.5,1.0,CollgCr,WD,205100
13326,1967,916,3,1.5,2.0,Sawyer,New,161800
6889,1910,1144,6,3.0,2.0,Somerst,COD,142000
10730,1909,1212,7,2.0,2.0,Somerst,WD,141800
29715,1952,1417,1,1.0,1.0,Sawyer,WD,181500
9810,1982,1196,6,1.5,2.0,BrkSide,New,124500
6998,1938,1783,3,2.5,2.0,CollgCr,WD,201100
9074,1938,858,4,1.0,1.0,Somerst,WD,103900
10364,2006,868,1,,0.0,Somerst,WD,144200
9177,1901,1366,7,1.5,1.0,Sawyer,WD,132600
9743,1909,1430,6,1.5,0.0,Gilbert,WD,99300
4809,1919,918,5,2.0,3.0,NWAmes,New,125100
6116,2021,1257,6,1.0,1.0,CollgCr,WD,180700
9185,1961,1340,7,2.5,2.0,Somerst,WD,154600
9112,1919,1343,2,1.5,2.0,OldTown,WD,133900
7457,1938,1561,2,2.5,1.0,Gilbert,WD,139500
9059,2020,1235,1,2.0,2.0,BrkSide,WD,183600
10204,1986,2091,4,,0.0,Sawyer,New,218600
15440,1927,1695,4,2.0,2.0,Somerst,COD,125300
9418,1929,1177,1,1.0,0.0,NWAmes,WD,172200
12083,1909,1538,5,2.5,1.0,BrkSide,ConLD,146200
7549,1995,1550,1,1.5,1.0,Somerst,WD,180200
13175,1917,1986,6,1.5,2.0,Sawyer,WD,172400
11943,1935,1260,5,1.0,2.0,Gilbert,New,146500
15259,1943,1807,6,1.5,2.0,NWAmes,WD,182900
14140,1976,1517,1,1.5,0.0,Gilbert,COD,128100
13285,1975,2097,7,1.5,3.0,CollgCr,WD,200500
9422,1999,2016,4,3.0,0.0,Somerst,New,207100
11187,1936,1579,7,1.5,2.0,Somerst,WD,133400
16844,1947,1395,5,1.0,2.0,Sawyer,WD,166400
7144,1948,1703,5,2.0,2.0,Gilbert,WD,167500
7229,1905,1428,1,1.5,2.0,Somerst,COD,127600
10837,1991,2172,5,2.0,2.0,Sawyer,WD,253000
12181,1966,1531,4,2.5,2.0,NWAmes,WD,151700
6555,1958,1338,6,1.0,1.0,BrkSide,WD,123200
9534,2023,1316,5,2.0,2.0,Gilbert,WD,172300
9443,1922,1015,1,1.0,0.0,BrkSide,WD,89900
3269,2020,1723,7,1.0,2.0,BrkSide,New,197700
8868,1984,1172,1,1.0,2.0,Somerst,WD,159600
9148,1927,1939,3,1.0,2.0,CollgCr,WD,186200
9135,1984,983,2,1.5,2.0,Sawyer,WD,143600
20090,1993,1551,7,3.0,1.0,CollgCr,WD,154000
5389,1944,1960,2,3.0,2.0,Sawyer,WD,200700
6553,1942,639,6,1.0,1.0,CollgCr,WD,100300
2681,2003,2307,2,3.0,2.0,BrkSide,WD,214700
7782,1919,1330,5,2.5,2.0,Gilbert,WD,175200
8121,1901,1556,1,2.0,2.0,NWAmes,WD,150300
7670,1982,1729,3,2.5,1.0,NWAmes,WD,196300
17220,2012,1790,5,2.0,1.0,Gilbert,WD,211400
15219,1962,1610,5,1.5,2.0,Somerst,COD,199700
10290,1916,1899,7,2.0,0.0,Somerst,COD,165900
8223,1966,1708,6,2.5,1.0,CollgCr,WD,168500
16533,1931,2204,4,2.5,1.0,CollgCr,WD,184000
9800,2002,1709,3,1.0,2.0,BrkSide,WD,186500
6574,1975,2286,2,3.0,1.0,Sawyer,New,159700
4196,1941,1860,7,1.5,2.0,NWAmes,WD,195800
7937,1977,778,5,3.0,3.0,Sawyer,WD,149600
14434,1982,2544,7,1.5,2.0,Gilbert,WD,247800
30893,1984,1270,4,1.0,1.0,Gilbert,WD,147500
10207,1945,2098,4,3.0,0.0,OldTown,WD,185000
6750,1970,1511,6,2.0,1.0,NWAmes,WD,131400
5473,1905,1924,6,1.5,2.0,OldTown,New,150700
13043,1950,1225,2,1.0,2.0,Gilbert,New,99700
4096,1946,1750,4,1.0,0.0,OldTown,WD,150200
13032,1966,1399,2,1.0,1.0,NWAmes,WD,136100
14896,2017,2132,6,3.0,1.0,Somerst,COD,189100
12310,2018,1675,1,1.0,1.0,OldTown,New,189000
8868,1959,1874,6,1.0,3.0,NWAmes,New,191100
13128,1980,634,7,3.0,1.0,CollgCr,ConLD,85000
10780,1913,1466,1,3.0,0.0,CollgCr,WD,178200
6707,1959,1664,5,1.5,1.0,BrkSide,WD,163300
24964,1985,1589,1,2.5,1.0,Somerst,WD,146000
8301,1984,1884,3,2.0,1.0,Somerst,WD,170200
14587,2019,1354,3,2.0,2.0,OldTown,WD,173500
2953,1957,1520,4,1.5,1.0,Somerst,WD,152000
18737,2012,1972,7,2.5,0.0,Somerst,WD,210900
20628,2021,589,4,3.0,2.0,Sawyer,WD,133900
10046,1970,1736,3,2.5,2.0,OldTown,WD,220400
13087,1911,1366,1,3.0,0.0,BrkSide,WD,112600
13085,1946,1135,7,1.0,3.0,OldTown,WD,163600
7177,1994,1635,3,2.5,1.0,Gilbert,WD,193400
13011,1972,1991,4,3.0,3.0,OldTown,WD,233800
6606,2016,1916,1,2.0,3.0,Sawyer,WD,245200
7300,2001,1446,3,3.0,2.0,Gilbert,WD,171200
17387,1907,1850,4,1.5,1.0,Sawyer,WD,158500
16112,2006,1847,7,3.0,2.0,BrkSide,New,150600
6952,1944,1465,3,3.0,1.0,Sawyer,WD,144700
6858,2001,1223,4,2.5,1.0,Gilbert,WD,174200
7167,1962,1246,7,2.5,2.0,Sawyer,New,171900
14276,1956,1835,3,2.0,2.0,OldTown,WD,182800
6003,1908,1483,3,,3.0,Gilbert,New,196700
11830,1914,1082,1,2.0,2.0,BrkSide,WD,122800
14378,1973,826,7,3.0,3.0,Somerst,WD,131800
9470,1970,1833,1,1.0,2.0,BrkSide,WD,179300
16400,1968,1281,2,1.5,2.0,NWAmes,WD,135200
8500,1919,1632,1,2.0,2.0,NWAmes,COD,174700
8893,1963,1996,5,1.5,3.0,Somerst,WD,213200
6072,1907,976,3,2.5,3.0,OldTown,WD,146800
16458,1917,1482,5,1.5,2.0,BrkSide,WD,145100
6746,1961,1432,5,2.5,2.0,Sawyer,COD,162700
11789,1976,1652,1,1.0,2.0,Somerst,WD,136900
9550,1981,1996,3,1.5,1.0,BrkSide,WD,196400
5847,2021,968,1,2.5,3.0,CollgCr,ConLD,170300
7299,2005,1728,1,2.0,0.0,Sawyer,WD,147300
19760,1947,1913,4,2.5,1.0,NWAmes,WD,172000
10947,1997,1425,2,2.5,2.0,Gilbert,WD,169100
5976,1911,1445,1,1.5,2.0,OldTown,WD,184900
11529,2006,1667,3,2.0,2.0,Gilbert,New,169100
9200,1947,1638,4,3.0,1.0,Gilbert,WD,165600
55660,1994,1733,7,3.0,1.0,BrkSide,COD,156500
11414,2020,1725,5,1.0,1.0,Somerst,WD,174500
8182,1987,1107,3,2.5,1.0,OldTown,WD,147300
20131,2014,1896,4,2.0,0.0,OldTown,WD,177100
3942,1901,1967,1,1.0,2.0,CollgCr,WD,175200
10375,1921,1574,3,2.5,1.0,Somerst,WD,154300
26828,1977,902,5,1.0,1.0,Sawyer,WD,117600
9338,1967,1454,1,1.5,1.0,CollgCr,WD,172600
4160,1914,1578,7,2.5,2.0,CollgCr,New,151700
8120,1989,1042,4,3.0,3.0,OldTown,WD,160900
20481,1907,1356,6,2.0,1.0,Somerst,WD,138700
11945,2022,936,2,3.0,1.0,Gilbert,WD,147400
6507,1919,1743,6,3.0,2.0,CollgCr,WD,181200
7026,1955,1566,3,2.0,0.0,NWAmes,WD,151800
7481,2002,842,7,1.0,2.0,CollgCr,COD,153100
11856,1963,1641,4,2.5,3.0,Sawyer,WD,181400
19324,1992,1477,5,1.0,2.0,OldTown,WD,154300
16751,1987,1707,2,3.0,3.0,CollgCr,WD,170200
12432,2017,1343,7,1.5,2.0,NWAmes,WD,142400
5086,1957,1179,2,2.5,2.0,Sawyer,WD,184000
5095,2021,1192,1,2.5,1.0,Somerst,WD,112400
12921,1964,1285,4,2.0,0.0,OldTown,WD,156500
5051,2010,1508,6,3.0,1.0,NWAmes,WD,154300
8842,1990,1559,7,2.5,2.0,CollgCr,New,203300
11523,1916,1424,6,3.0,2.0,Somerst,WD,105900
5604,1979,1331,4,1.0,1.0,BrkSide,WD,147000
5931,2008,1359,7,2.0,2.0,BrkSide,WD,203000
9442,1915,2503,4,3.0,1.0,CollgCr,WD,211200
12731,2003,1192,4,3.0,1.0,Gilbert,WD,144500
16827,1913,1277,2,2.0,1.0,NWAmes,WD,90100
13407,2008,2818,6,1.0,2.0,BrkSide,WD,227700
10268,1997,1668,3,1.5,2.0,BrkSide,WD,215400
6815,1918,948,2,2.0,2.0,Somerst,WD,117400
5794,1990,1837,3,2.5,0.0,OldTown,New,169400
7666,1914,1136,5,3.0,2.0,OldTown,ConLD,139200
12149,1970,1864,2,1.0,3.0,OldTown,New,176300
11711,2014,1416,3,1.5,0.0,Sawyer,WD,163000
3464,1925,1324,3,1.5,2.0,Sawyer,New,138700
6682,1921,2144,5,3.0,0.0,Sawyer,WD,172900
18074,1952,1727,5,1.0,1.0,OldTown,WD,153800
10297,1945,1889,5,1.5,2.0,OldTown,COD,152700
4873,1906,1674,1,1.5,1.0,CollgCr,New,140100
32142,1956,1322,3,1.0,2.0,Gilbert,WD,169100
9755,1932,1745,5,2.5,3.0,OldTown,COD,192300
11994,1915,1984,2,2.0,1.0,Gilbert,WD,169000
12086,1934,1554,1,2.0,1.0,BrkSide,WD,168400
8235,1902,2221,3,3.0,2.0,CollgCr,WD,185500
6879,2013,1840,5,2.0,2.0,Sawyer,WD,203000
28591,2023,1585,5,1.5,3.0,NWAmes,COD,193300
16344,1945,1601,1,1.5,1.0,BrkSide,WD,175500
14928,2008,1555,5,3.0,2.0,CollgCr,WD,190600
13202,1957,1000,2,2.0,3.0,CollgCr,New,139800
5993,2013,1464,6,1.0,1.0,OldTown,New,139400
18747,1921,1588,4,2.5,2.0,Gilbert,COD,182500
6493,1935,1334,1,2.5,2.0,BrkSide,COD,135800
11403,1991,1635,3,1.5,2.0,OldTown,COD,185500
4360,1927,1509,6,2.0,1.0,NWAmes,WD,192900
3567,2002,1809,4,2.0,2.0,Sawyer,WD,212900
11604,1952,1765,5,1.0,1.0,Sawyer,COD,199700
6604,1950,1567,6,1.0,3.0,BrkSide,WD,169200
3661,1956,953,1,2.5,0.0,Sawyer,WD,133400
12969,1998,2216,7,2.5,0.0,BrkSide,WD,194600
28568,1900,1443,3,2.5,3.0,BrkSide,WD,165500
19827,1993,1468,6,1.5,1.0,BrkSide,WD,203900
8702,1996,1363,4,2.0,2.0,NWAmes,COD,165000
9941,2001,1305,5,3.0,1.0,Somerst,WD,157300
15427,2023,2118,3,1.5,2.0,Somerst,WD,202100
17345,1997,2054,6,2.5,1.0,BrkSide,WD,214600
8335,1965,1678,1,1.0,2.0,CollgCr,WD,167400
10068,1957,1457,7,1.0,2.0,Sawyer,WD,184500
11502,1948,1748,2,3.0,1.0,Gilbert,WD,132300
13055,2002,1530,7,1.0,1.0,OldTown,WD,180500
9260,1948,1424,1,2.5,1.0,NWAmes,WD,134600
9320,1971,1635,1,2.0,2.0,CollgCr,WD,192600
19730,1911,1324,1,3.0,1.0,Sawyer,WD,130600
18120,1939,1601,4,2.0,1.0,NWAmes,WD,143800
12565,1933,1582,2,2.5,1.0,Somerst,WD,144000
23378,1953,1741,5,3.0,2.0,OldTown,WD,161400
8158,1962,1252,6,3.0,2.0,OldTown,WD,171000
22281,1988,1784,1,2.5,2.0,Sawyer,New,170300
12981,1953,1137,4,1.0,3.0,BrkSide,WD,151900
50793,1918,1271,6,1.0,2.0,Somerst,WD,149000
5452,1967,1288,3,2.0,2.0,Sawyer,WD,190000
7012,1906,1071,7,2.5,2.0,NWAmes,WD,127300
12203,2005,1906,5,2.5,1.0,Somerst,WD,186300
12072,1995,1112,1,2.5,3.0,NWAmes,WD,173900
26241,1927,1220,4,1.0,2.0,Gilbert,WD,100500
7086,1932,2002,3,1.0,2.0,BrkSide,WD,162500
15560,1903,1272,1,1.0,1.0,NWAmes,New,118200
17698,1945,1425,7,2.0,1.0,Somerst,WD,132400
14077,1904,1095,2,2.5,2.0,Sawyer,COD,96200
6121,2016,1833,1,1.0,2.0,NWAmes,New,219600
20008,1916,1839,2,3.0,2.0,Somerst,WD,177900
18300,1981,1796,6,1.5,1.0,NWAmes,WD,180700
13357,1970,1715,5,2.5,2.0,NWAmes,WD,168200
10962,1929,1529,6,2.5,1.0,OldTown,WD,149200
11082,2000,1290,4,1.0,1.0,OldTown,WD,166000
9515,1913,1174,1,3.0,0.0,Gilbert,WD,106000
13635,2009,2016,3,3.0,2.0,CollgCr,WD,219300
10052,1991,1806,2,3.0,2.0,NWAmes,New,177500
6475,1978,1223,4,1.0,3.0,Sawyer,WD,171400
5859,2009,1516,2,1.5,2.0,CollgCr,WD,205700
6795,1949,1380,7,1.5,2.0,Somerst,New,182000
11060,1934,1049,3,2.0,2.0,BrkSide,WD,161200
9765,1919,1571,3,3.0,2.0,OldTown,WD,164600
11022,2014,1334,7,2.5,3.0,Sawyer,WD,187000
12713,1949,1119,4,2.5,,CollgCr,COD,134100
7232,2002,908,2,2.0,1.0,BrkSide,WD,99200
20596,1941,874,4,3.0,2.0,Somerst,WD,100300
8657,2018,1351,2,3.0,1.0,OldTown,COD,161100
7969,2007,1466,6,3.0,0.0,Sawyer,WD,153400
12597,1938,1150,5,3.0,2.0,CollgCr,WD,169700
3951,1960,1760,6,2.5,2.0,Somerst,WD,207900
6666,1998,1474,7,1.0,1.0,NWAmes,WD,151500
16164,1928,1731,6,1.5,0.0,Sawyer,WD,162800
4152,1902,1427,3,2.5,3.0,Somerst,WD,148300
17306,1935,1185,2,1.5,1.0,BrkSide,WD,144100
21069,1973,1546,4,1.0,0.0,NWAmes,WD,165900
8228,1916,995,4,3.0,2.0,Somerst,New,151200
11452,1941,1716,3,2.0,,Somerst,New,163600
17319,2013,1125,6,3.0,2.0,Sawyer,WD,182900
7837,1909,1867,7,1.5,2.0,Gilbert,New,134700
15274,1906,1365,3,1.5,1.0,OldTown,WD,157600
7076,1952,1925,5,1.5,1.0,Sawyer,WD,175800
7795,1901,1051,7,1.5,2.0,Somerst,WD,124800
6636,1903,1229,1,2.0,,Somerst,WD,94500
11747,1922,1652,3,1.5,1.0,OldTown,WD,144500
17659,1912,1968,6,3.0,1.0,BrkSide,WD,193700
9027,2000,2167,4,1.5,1.0,OldTown,WD,195500
5242,1915,1517,6,2.0,0.0,BrkSide,WD,145000
5760,1964,2235,4,3.0,1.0,OldTown,WD,197600
12056,1987,1384,1,2.0,0.0,NWAmes,WD,166300
24886,1977,1940,4,1.0,2.0,OldTown,WD,200400
12051,1981,1123,3,,1.0,NWAmes,WD,122200
8156,1944,1668,6,2.0,2.0,Sawyer,WD,172900
14517,2010,563,2,2.5,2.0,Gilbert,WD,162800
8780,1908,1051,2,3.0,2.0,NWAmes,New,137000
8192,1913,1687,1,1.0,3.0,OldTown,COD,173200
6129,2006,975,4,2.0,1.0,BrkSide,WD,185300
20015,1908,1671,7,1.5,0.0,Somerst,WD,160300
2781,1923,1863,5,,2.0,NWAmes,WD,192500
14749,1921,1299,6,2.0,0.0,BrkSide,WD,126900
7849,1904,1112,6,1.5,1.0,Gilbert,WD,131800
8061,1914,1310,5,1.0,0.0,Sawyer,WD,134300
23067,1971,1114,5,,3.0,CollgCr,WD,117700
6925,1981,1460,2,2.0,0.0,NWAmes,WD,155300
7044,1910,1541,7,1.5,2.0,NWAmes,WD,151300
9272,2016,1378,6,1.5,,CollgCr,WD,167400
12172,1911,2170,7,1.0,2.0,Somerst,WD,185500
7935,1985,1212,7,1.0,1.0,Sawyer,WD,115800
4506,1999,2057,3,1.0,3.0,BrkSide,New,185500
6420,1964,1084,2,1.5,2.0,Sawyer,WD,170600
18782,1960,1529,7,1.0,2.0,BrkSide,WD,178100
10274,1913,1973,4,1.5,1.0,BrkSide,WD,119000
12401,1929,1953,7,1.5,2.0,CollgCr,WD,171400
8684,2005,1332,5,1.5,2.0,Sawyer,COD,189200
7117,1943,1722,2,1.0,1.0,Gilbert,WD,156800
22898,1904,1668,3,1.0,1.0,BrkSide,WD,172600
9008,1990,1284,5,3.0,0.0,Gilbert,WD,161400
7929,1984,1746,3,2.5,0.0,OldTown,WD,136900
17121,1908,2245,2,1.0,0.0,NWAmes,WD,165800
6897,1906,1689,2,1.5,0.0,Sawyer,New,128500
7351,1914,1727,5,1.5,1.0,OldTown,WD,126200
9948,1906,1769,1,3.0,3.0,NWAmes,New,148800
9898,1976,916,1,3.0,2.0,Gilbert,WD,123900
11269,1916,1684,1,2.5,2.0,NWAmes,WD,151400
28165,1975,1093,6,1.0,2.0,Sawyer,New,155100
11709,1921,1264,1,2.0,2.0,OldTown,WD,163500
3014,2020,2365,3,2.0,1.0,Somerst,New,231100
11651,1990,1399,1,2.5,2.0,BrkSide,WD,185800
10086,1946,1204,5,3.0,1.0,NWAmes,WD,129500
10114,1953,1961,1,1.5,2.0,CollgCr,WD,202600
11192,1908,1121,1,2.0,3.0,OldTown,WD,139900
9756,1906,1321,3,1.5,3.0,Gilbert,New,144400
9640,1966,2000,5,1.5,1.0,BrkSide,WD,222500
13447,1902,1517,1,1.5,2.0,OldTown,WD,104200
7547,1979,875,4,2.5,1.0,OldTown,New,89200
6162,1947,1718,6,2.0,0.0,Somerst,WD,159000
44886,1917,1341,5,2.5,0.0,CollgCr,New,116400
6919,1966,2116,6,2.5,1.0,OldTown,New,162200
10405,1968,1258,3,1.5,2.0,Somerst,WD,135300
4685,1992,1920,7,3.0,1.0,Gilbert,WD,169500
10491,1924,2210,2,1.0,0.0,Sawyer,ConLD,189400
6207,1967,1160,5,3.0,3.0,Somerst,WD,186900
7933,2004,1423,4,1.0,2.0,Gilbert,WD,209100
16689,1933,1655,1,1.5,1.0,Sawyer,COD,123900
12532,2003,1157,7,3.0,2.0,OldTown,WD,134000
13150,1989,1608,5,2.5,2.0,Sawyer,COD,153200
4082,1953,1410,2,1.5,2.0,CollgCr,WD,186000
24796,2009,1402,1,3.0,2.0,Gilbert,New,185000
5454,2019,1520,5,1.0,3.0,Sawyer,WD,199700
21254,1929,1529,4,2.5,1.0,Sawyer,WD,152200
16494,2021,1566,1,2.0,2.0,Somerst,New,188100
13209,1900,1260,7,1.5,0.0,Gilbert,WD,89700
6454,1916,1278,6,3.0,3.0,OldTown,WD,164200
10676,1905,1453,4,2.5,1.0,NWAmes,COD,132500
7821,1945,1482,2,1.0,1.0,BrkSide,COD,125800
10042,2016,1324,2,1.0,3.0,CollgCr,COD,197900
8735,1974,1630,4,1.0,2.0,CollgCr,WD,170100
3571,1976,774,1,2.0,1.0,Gilbert,WD,124700
17342,1910,1208,3,2.0,1.0,NWAmes,WD,121700
9504,1963,1388,2,2.5,1.0,NWAmes,WD,167900
7767,1947,1158,1,2.5,3.0,CollgCr,WD,161000
7479,1959,2152,1,1.0,2.0,CollgCr,WD,185200
11840,1932,1508,3,2.0,1.0,Sawyer,WD,153800
6330,1924,1571,3,2.5,2.0,Somerst,WD,167500
3205,2018,1307,3,3.0,2.0,Sawyer,WD,184300
12132,1969,1494,5,1.5,0.0,NWAmes,WD,166400
12830,1951,1014,4,1.0,3.0,Somerst,WD,137600
8957,1909,1432,2,1.0,0.0,CollgCr,New,137600
5575,1994,1125,7,1.5,3.0,Gilbert,COD,134400
10347,1958,1389,6,2.0,2.0,CollgCr,WD,158200
4759,1947,476,4,1.5,0.0,BrkSide,COD,77600
5922,1982,1049,1,1.0,2.0,Somerst,New,178100
6800,1916,2086,7,1.5,2.0,Sawyer,WD,183200
15093,1966,1832,6,1.5,2.0,NWAmes,WD,199500
8256,2007,2028,4,2.0,2.0,Somerst,WD,175200
7911,1957,2055,2,1.0,0.0,NWAmes,WD,165900
26301,1900,1769,1,2.5,0.0,NWAmes,WD,123200
11804,1928,1319,3,2.0,2.0,NWAmes,WD,197300
11725,1906,1085,2,1.5,1.0,BrkSide,COD,102900
8227,1962,1959,2,3.0,1.0,Gilbert,WD,182600
7345,1945,1526,3,2.5,2.0,OldTown,WD,166800
3317,1916,2498,1,1.0,1.0,OldTown,ConLD,165200
16065,1985,1354,3,1.0,2.0,OldTown,COD,156200
12384,1921,2289,7,1.0,2.0,Gilbert,New,207100
9049,1942,1437,7,2.0,2.0,CollgCr,New,160100
9241,2022,2034,1,1.5,0.0,Somerst,ConLD,145300
14301,1908,2179,5,1.5,2.0,Sawyer,WD,177700
4549,1930,1091,7,2.0,2.0,OldTown,New,156200
7369,1939,1306,5,,1.0,CollgCr,WD,150100
5607,1963,1087,3,1.0,2.0,OldTown,WD,169800
23999,1930,1008,4,1.0,2.0,CollgCr,WD,111500
15334,2020,1767,2,2.5,1.0,OldTown,WD,213600
3290,1900,1421,3,3.0,1.0,Gilbert,WD,132100
4643,2017,1521,7,3.0,2.0,Sawyer,WD,217400
9263,1966,1722,5,3.0,1.0,CollgCr,WD,169400
7815,1904,757,4,2.0,3.0,NWAmes,WD,80700
5104,1914,2015,1,3.0,2.0,Somerst,WD,198800
26170,1912,1360,7,3.0,1.0,OldTown,New,124300
11571,1935,1713,2,3.0,2.0,NWAmes,WD,164000
12549,1941,1748,6,1.0,2.0,Gilbert,WD,146200
7002,1979,2048,3,1.0,1.0,CollgCr,WD,223600
14202,1938,1458,2,2.0,3.0,Sawyer,New,160000
8183,1989,651,2,2.0,2.0,BrkSide,WD,160800
8590,1936,1523,3,3.0,2.0,OldTown,WD,152700
13433,1932,1580,5,1.5,2.0,CollgCr,WD,144700
4383,1934,1086,3,3.0,2.0,Somerst,COD,163100
21994,1940,1559,1,3.0,2.0,Sawyer,ConLD,163100
10842,2003,1356,2,,1.0,OldTown,New,159000
18779,1930,963,2,1.0,1.0,NWAmes,WD,91100
5781,1933,1769,3,,2.0,NWAmes,WD,164800
6238,2018,1275,7,1.5,2.0,OldTown,WD,180900
5536,1981,1337,7,2.5,2.0,OldTown,WD,138700
11217,1923,1315,7,2.5,2.0,OldTown,WD,135200
10229,2007,1994,1,2.0,2.0,OldTown,ConLD,200200
7846,1922,1484,4,1.0,2.0,NWAmes,ConLD,156300
5961,1920,1532,1,2.0,3.0,BrkSide,WD,198700
5254,1955,1324,4,2.5,1.0,Somerst,WD,138100
9660,1985,1685,5,2.0,3.0,CollgCr,WD,183200
7842,1923,2040,6,1.5,2.0,CollgCr,WD,240800
7025,1993,1759,3,2.0,0.0,BrkSide,WD,158800
21451,1919,1775,1,2.5,1.0,BrkSide,WD,154300
9498,1996,1742,4,2.0,1.0,Gilbert,WD,172300
18677,1911,948,3,3.0,2.0,NWAmes,WD,116700
7581,1957,1150,5,1.5,2.0,CollgCr,WD,148700
11186,1979,1418,1,2.5,2.0,BrkSide,New,186900
9626,1932,1210,5,3.0,2.0,OldTown,WD,151000
4235,1975,1074,3,1.5,1.0,CollgCr,WD,157900
20215,1985,751,6,1.5,1.0,Gilbert,WD,142500
9250,1980,961,7,1.0,3.0,CollgCr,New,159800
14374,1949,1397,2,1.5,3.0,OldTown,WD,177900
6795,1995,1472,6,1.0,2.0,Gilbert,WD,198400
9114,1990,1183,1,2.5,1.0,OldTown,WD,124600
6416,1940,1532,7,1.0,1.0,CollgCr,WD,201000
18361,1990,1326,4,2.5,1.0,Gilbert,WD,144500
11565,2013,1936,6,2.0,2.0,CollgCr,COD,200200
11891,2001,1435,6,3.0,1.0,Sawyer,ConLD,139800
19518,1990,1779,5,1.5,3.0,OldTown,New,180000
17644,1995,1581,3,1.5,2.0,Gilbert,COD,201700
14511,1999,939,6,1.5,2.0,OldTown,WD,193500
4862,1935,1464,4,2.0,1.0,Sawyer,WD,134500
6989,1989,1006,5,1.5,1.0,Sawyer,WD,143800
5991,1924,1457,5,1.0,2.0,Sawyer,WD,158500
14239,1944,1202,4,3.0,2.0,CollgCr,WD,166100
10779,2015,1653,1,2.5,0.0,CollgCr,WD,212600
4938,1935,963,3,1.0,2.0,BrkSide,WD,160700
9006,2004,1506,7,2.5,1.0,Sawyer,New,164100
4689,1952,1729,4,1.5,1.0,CollgCr,WD,176100
9638,1926,1863,5,1.0,3.0,OldTown,COD,201600
4326,1912,1194,2,2.0,1.0,Somerst,New,123700
12893,1967,1507,5,2.5,1.0,Gilbert,New,135900
11956,1955,1574,4,1.0,2.0,Somerst,WD,153900
25693,1963,2119,2,1.5,1.0,Sawyer,WD,213200
15122,1905,907,2,3.0,0.0,NWAmes,WD,119200
8011,1933,1136,3,1.5,0.0,BrkSide,ConLD,111000
14899,1900,2622,4,1.0,0.0,BrkSide,WD,192200
4921,1937,1391,2,2.0,2.0,NWAmes,WD,178400
6117,2015,744,2,2.5,1.0,Sawyer,WD,96100
11691,1918,1267,2,3.0,2.0,NWAmes,WD,133000
3364,1985,400,3,2.5,3.0,OldTown,New,166700
9715,1900,1596,6,1.0,1.0,Somerst,WD,148600
5942,1969,1824,4,3.0,1.0,Somerst,WD,153200
10411,2014,1135,4,2.5,1.0,BrkSide,WD,153800
5774,1942,1312,2,2.5,1.0,Sawyer,WD,160000
12236,1924,1869,4,3.0,1.0,CollgCr,WD,113900
9993,1970,800,7,2.5,,OldTown,WD,135300
19934,1934,971,6,1.5,1.0,NWAmes,WD,111000
9931,2010,1409,4,2.0,2.0,NWAmes,ConLD,144500
6739,2005,1199,3,2.0,2.0,Sawyer,WD,165900
8748,1980,1382,3,2.0,2.0,CollgCr,ConLD,164100
5054,1979,994,1,2.5,1.0,Sawyer,WD,132700
12126,1974,1586,1,2.5,1.0,Somerst,New,157300
13292,1991,1440,6,1.0,3.0,Somerst,WD,164900
34016,1957,1720,6,2.0,1.0,Somerst,WD,137400
7252,2020,1580,7,1.0,2.0,BrkSide,WD,175900
8657,1942,1583,5,2.0,2.0,Somerst,WD,183700
7421,1901,921,7,2.0,2.0,NWAmes,WD,122400
11004,1986,1697,3,1.5,1.0,BrkSide,New,172600
11978,1982,1368,2,3.0,1.0,OldTown,New,133800
9636,2021,1433,2,1.5,2.0,NWAmes,WD,174400
17037,1949,1919,2,1.0,2.0,Gilbert,WD,201800
7270,1952,1212,6,1.5,2.0,BrkSide,WD,159200
16205,1969,2040,1,2.5,2.0,OldTown,WD,190200
12955,1948,2078,7,1.0,3.0,Sawyer,WD,155300
9838,1997,1801,6,2.0,3.0,Sawyer,New,193500
8455,1953,1108,3,,2.0,Somerst,WD,134000
33301,1997,625,5,3.0,0.0,Sawyer,WD,88100
6578,1952,1932,1,1.0,2.0,NWAmes,WD,180400
11487,1927,1545,4,1.0,2.0,Gilbert,WD,176200
6801,2022,1202,1,2.0,2.0,Somerst,WD,168800
24169,1965,1969,1,1.0,1.0,CollgCr,COD,202400
15420,1987,1155,1,2.5,2.0,Sawyer,WD,126300
7050,1973,1330,6,1.5,1.0,CollgCr,New,143700
12788,1944,1710,6,2.0,1.0,CollgCr,New,123300
11258,2020,1055,7,1.0,2.0,BrkSide,WD,152300
7644,1946,1456,7,2.5,2.0,BrkSide,WD,139800
14459,2023,1936,7,2.0,2.0,Gilbert,WD,235800
12024,1953,1584,7,1.0,2.0,Gilbert,WD,178000
11024,1902,1999,1,1.5,2.0,Somerst,WD,197600
9692,1904,1953,6,1.0,1.0,Gilbert,WD,154800
12278,2020,1503,6,1.0,2.0,Gilbert,WD,165100
11100,1965,565,2,2.5,1.0,NWAmes,ConLD,84300
10194,1948,1058,1,2.0,2.0,Gilbert,WD,144700
7183,2000,1805,7,3.0,1.0,NWAmes,WD,220300
23084,1976,880,7,1.5,3.0,BrkSide,WD,158200
5853,1981,1369,3,2.5,2.0,Gilbert,WD,158900
12257,1984,1635,1,2.5,2.0,Somerst,WD,178100
8433,1924,2088,3,2.5,1.0,Gilbert,New,176200
23856,1910,1270,1,3.0,1.0,CollgCr,WD,168200
6300,1990,1243,5,2.5,2.0,CollgCr,WD,186800
6852,1902,1479,3,2.5,2.0,Sawyer,WD,153900
6094,1989,1640,1,2.5,2.0,Gilbert,WD,185900
11635,1916,1438,7,2.0,3.0,OldTown,New,168700
4981,1932,1920,6,2.5,,Somerst,WD,191900
7791,1987,1180,7,3.0,2.0,BrkSide,WD,149500
3374,1977,1548,7,2.5,2.0,Gilbert,WD,158200
11161,1996,1678,1,2.5,,BrkSide,WD,208500
7707,1975,1340,6,1.0,2.0,NWAmes,WD,163400
4703,1905,1836,6,2.0,2.0,OldTown,WD,188300
17031,2004,1560,6,1.0,0.0,CollgCr,COD,192700
5147,1926,1816,2,1.0,1.0,OldTown,WD,172900
14742,1916,1578,3,1.5,1.0,Sawyer,WD,153600
6971,2008,1651,7,2.0,3.0,Sawyer,WD,266000
22044,1924,1247,1,2.0,2.0,NWAmes,WD,146700
14397,1966,1248,5,3.0,1.0,Sawyer,WD,121400
5979,1960,1990,6,2.5,2.0,NWAmes,New,188600
6257,1995,1754,6,2.0,,Sawyer,New,222800
13397,1905,1091,5,1.5,3.0,Gilbert,COD,114400
8680,1913,1572,6,2.5,3.0,NWAmes,WD,154100
9094,1951,550,7,1.5,2.0,Gilbert,WD,134500
18697,1958,1270,6,3.0,2.0,Somerst,COD,148600
6807,1997,1884,1,2.5,1.0,Sawyer,WD,185300
10359,1975,1450,2,2.5,1.0,BrkSide,WD,178500
15952,1918,1547,3,1.5,2.0,CollgCr,New,142900
14832,2021,400,3,2.5,2.0,Gilbert,New,95700
9138,1957,1343,3,3.0,1.0,OldTown,COD,118000
8566,2019,1635,2,1.0,2.0,Somerst,WD,204100
4149,2022,1686,5,1.0,1.0,Gilbert,WD,189300
5836,1906,1885,1,2.0,,CollgCr,WD,146400
11605,1962,1416,6,1.5,1.0,CollgCr,New,128100
9238,1952,1434,5,2.5,2.0,Somerst,WD,155900
10275,1961,967,7,2.0,2.0,OldTown,WD,160600
16641,1938,1418,1,3.0,2.0,Gilbert,New,139500
5466,1969,995,3,1.5,2.0,OldTown,WD,129000
8795,1961,761,7,1.5,2.0,Somerst,WD,103100
10876,1923,1066,4,1.0,1.0,Somerst,ConLD,113000
6960,1935,2103,4,1.5,2.0,BrkSide,WD,199700
20247,1918,1392,1,1.5,1.0,BrkSide,WD,179100
15589,2004,1588,6,2.5,2.0,OldTown,WD,189700
11442,1983,1295,2,1.5,1.0,CollgCr,WD,149900
24273,1948,784,7,1.5,2.0,Sawyer,WD,141600
4678,1949,1874,3,1.5,2.0,Somerst,WD,198500
9859,1909,631,2,2.0,0.0,Gilbert,WD,68700
11887,1935,1278,5,2.5,2.0,BrkSide,WD,193600
6265,2014,1478,4,3.0,2.0,CollgCr,WD,181800
11503,1903,1592,4,1.0,2.0,BrkSide,WD,160000
5691,1918,1209,7,3.0,0.0,OldTown,WD,125700
13979,2004,765,3,1.5,0.0,CollgCr,COD,123000
16796,1964,1180,3,3.0,1.0,NWAmes,WD,169400
11341,1904,1200,5,1.0,2.0,BrkSide,WD,122200
3919,1960,1191,2,2.5,3.0,NWAmes,WD,178000
6103,1992,1888,6,3.0,1.0,OldTown,WD,189500
13126,1942,1015,2,1.0,2.0,CollgCr,WD,154900
10003,1947,1620,2,2.5,2.0,Sawyer,WD,165700
2573,1978,1563,1,1.0,3.0,NWAmes,WD,181200
18424,1974,1884,3,3.0,0.0,OldTown,New,183300
10597,2011,1447,5,2.5,2.0,NWAmes,WD,186800
6571,1930,1816,5,3.0,2.0,Somerst,WD,159300
16277,1934,1431,7,3.0,1.0,OldTown,WD,170600
7053,1919,1674,6,1.5,0.0,CollgCr,WD,155200
7015,1982,899,3,2.0,0.0,BrkSide,WD,115400
11839,1966,445,6,2.5,2.0,Gilbert,WD,101700
24113,1943,1651,2,1.0,2.0,OldTown,WD,177800
22288,1986,1672,2,1.5,2.0,OldTown,COD,197800
11847,1946,1690,3,1.0,1.0,Somerst,WD,129700
12471,1924,1290,4,3.0,3.0,NWAmes,WD,164500
14702,1966,2096,2,1.5,1.0,NWAmes,WD,202900
5279,1954,1316,7,2.0,3.0,Gilbert,WD,120300
13658,1950,1668,2,2.0,1.0,CollgCr,WD,165500
6857,1955,1738,3,1.5,2.0,OldTown,WD,192800
11606,2013,2187,5,2.5,3.0,Gilbert,WD,244600
8833,1926,1373,4,3.0,2.0,BrkSide,WD,166200
12716,1934,1239,3,2.0,2.0,CollgCr,WD,138600
10499,1970,901,7,3.0,1.0,Somerst,WD,104600
2129,1905,2121,4,1.0,2.0,Gilbert,New,149000
10823,1918,1669,1,3.0,2.0,CollgCr,WD,185800
13644,1970,1681,6,1.0,2.0,BrkSide,WD,194300
12369,1963,2747,5,1.0,3.0,CollgCr,New,272200
9402,1980,1630,2,,1.0,NWAmes,WD,153900
22496,1914,979,6,1.5,,Somerst,COD,140900
11564,2005,1422,3,3.0,3.0,Gilbert,New,158500
12318,1960,1110,2,1.5,1.0,CollgCr,WD,116500
16685,1919,1342,2,2.5,1.0,OldTown,WD,136800
11864,1938,1339,6,2.0,1.0,NWAmes,COD,153100
6317,1928,1265,2,1.0,2.0,BrkSide,New,178400
2924,1956,943,4,2.0,3.0,Gilbert,WD,142700
7797,1958,2137,6,1.5,1.0,Sawyer,WD,172400
14479,1953,1620,6,1.5,2.0,NWAmes,WD,153500
8295,1957,1410,4,2.0,2.0,OldTown,New,147700
14773,2012,1803,7,2.5,2.0,Somerst,COD,244000
10661,2018,1688,3,2.0,2.0,BrkSide,New,210200
18846,1960,1610,7,1.5,3.0,Sawyer,WD,207600
8539,2019,1774,2,2.5,1.0,Gilbert,New,183300
12504,2001,1554,1,2.5,1.0,Somerst,WD,170500
12746,2001,1768,6,1.5,2.0,Gilbert,WD,208300
20969,1927,1801,6,3.0,2.0,Gilbert,WD,163800
4216,1954,1565,7,3.0,2.0,Gilbert,WD,163200
7870,1943,1412,7,2.5,0.0,BrkSide,WD,119900
15127,1911,2112,1,,1.0,Gilbert,WD,165300
21439,1909,1309,5,1.5,3.0,CollgCr,WD,154500
11159,1977,1657,5,2.0,0.0,CollgCr,New,140600
8550,1952,1666,5,1.0,2.0,Gilbert,WD,179700
14452,2002,1256,1,1.5,2.0,BrkSide,WD,172200
15281,1982,1177,1,1.0,0.0,BrkSide,WD,128600
8268,1910,1358,5,1.0,1.0,Gilbert,WD,115900
11674,2003,1303,6,2.5,1.0,NWAmes,WD,159500
17859,1961,917,2,1.0,2.0,Sawyer,WD,125400
25469,1970,1239,1,2.0,1.0,BrkSide,WD,144900
14347,2019,1606,3,2.0,2.0,OldTown,WD,212800
10118,1979,2006,3,1.0,1.0,Somerst,New,163800
9633,1902,1722,7,3.0,0.0,Somerst,WD,181600
13078,1921,460,7,3.0,0.0,NWAmes,New,72900
9341,1952,1757,4,2.5,1.0,Somerst,WD,175300
10882,1904,1277,7,2.5,1.0,Somerst,COD,111200
5832,1920,1681,2,1.5,3.0,OldTown,WD,200100
18930,1998,1494,7,3.0,0.0,OldTown,WD,151900
5597,1917,1423,4,2.5,2.0,NWAmes,WD,142300
7974,1920,1459,4,,2.0,BrkSide,WD,141500
10392,1962,1491,1,2.5,2.0,Somerst,New,162000
26782,1911,2038,2,3.0,2.0,CollgCr,WD,190600
8012,1931,1492,2,2.5,0.0,CollgCr,WD,137600
7094,2016,1934,4,1.0,2.0,BrkSide,New,207200
7515,1978,1876,2,1.5,1.0,Gilbert,New,167200
22685,2019,1767,1,1.0,2.0,Gilbert,WD,184300
2426,1943,785,5,1.5,1.0,CollgCr,WD,101700
5995,1976,1947,7,3.0,2.0,BrkSide,New,205900
38779,1929,1317,1,1.0,2.0,CollgCr,New,161200
13299,1946,1786,4,3.0,2.0,BrkSide,New,194800
5693,1921,1111,7,1.5,1.0,BrkSide,New,122200
9692,2003,1026,3,2.0,2.0,NWAmes,WD,161800
10237,1922,2291,2,2.0,2.0,BrkSide,WD,196000
15109,1925,1117,1,1.0,2.0,BrkSide,WD,100900
24829,1957,1958,7,1.0,1.0,Gilbert,WD,175300
12019,1953,1547,3,1.5,1.0,Sawyer,New,148300
7556,1938,1332,1,1.0,1.0,Gilbert,WD,118700
14670,1944,1482,7,2.5,2.0,NWAmes,WD,150200
6980,1936,980,6,2.0,2.0,Somerst,WD,134200
5904,2013,1494,5,3.0,2.0,Gilbert,WD,160200
4105,1971,1067,1,3.0,2.0,CollgCr,WD,132600
4525,2014,1342,1,1.5,2.0,CollgCr,WD,205800
6322,2022,1870,2,3.0,2.0,CollgCr,WD,174200
5492,1980,1602,2,1.0,2.0,OldTown,WD,175200
11575,2002,907,4,2.0,2.0,BrkSide,WD,124000
5433,1913,1841,3,2.5,1.0,CollgCr,WD,144900
2055,2017,1497,6,2.0,2.0,Sawyer,WD,180300
5873,1959,1283,1,2.5,3.0,NWAmes,COD,147300
7817,1988,1799,6,3.0,2.0,Somerst,WD,203600
7312,1930,1433,7,2.0,3.0,CollgCr,New,193600
21158,1911,1034,1,1.5,3.0,Sawyer,WD,155800
7282,2009,2239,5,2.0,2.0,NWAmes,WD,243100
15374,1955,1493,4,3.0,2.0,NWAmes,WD,137800
9804,1917,1467,1,3.0,,Gilbert,New,147700
9690,1981,1338,3,3.0,1.0,Sawyer,COD,162000
6518,1906,1972,6,1.5,0.0,Gilbert,WD,170500
9610,1955,1290,7,1.5,2.0,NWAmes,WD,189300
6751,1987,882,3,2.0,2.0,BrkSide,WD,162800
10775,1989,1229,1,2.0,1.0,BrkSide,WD,167000
8794,1956,2031,2,2.5,2.0,BrkSide,WD,248000
6171,1945,1833,6,3.0,2.0,OldTown,COD,183000
16252,2003,1398,4,2.0,2.0,BrkSide,WD,168800
12252,1922,2049,4,1.5,,CollgCr,New,177600
7911,1909,1799,1,3.0,2.0,Gilbert,New,150100
10644,1919,1393,6,2.0,1.0,Gilbert,WD,138500
9491,1999,1434,4,2.5,1.0,CollgCr,WD,128800
6414,1958,1632,4,1.0,0.0,OldTown,New,139400
10252,1904,1167,6,2.0,1.0,BrkSide,WD,117900
7255,1920,1502,4,2.0,1.0,BrkSide,WD,162400
6170,1903,1623,7,1.0,2.0,CollgCr,New,179200
4397,2000,825,4,1.5,2.0,Gilbert,WD,122900
8273,1957,1424,3,2.5,1.0,CollgCr,New,191700
13141,1908,1379,7,1.0,3.0,NWAmes,WD,160000
6993,1927,1911,5,1.0,2.0,Somerst,WD,184800
34904,1976,762,6,1.0,3.0,Sawyer,WD,111200
15411,1973,1347,2,1.0,2.0,Gilbert,WD,150400
18999,2001,1307,5,2.0,0.0,NWAmes,WD,166000
14730,1903,1884,4,2.0,3.0,Gilbert,WD,186700
24995,1908,1483,1,2.5,3.0,NWAmes,WD,164900
6678,1904,2218,2,2.0,2.0,OldTown,WD,194500
2751,1948,1765,7,2.0,2.0,Gilbert,WD,149400
7918,1990,1336,4,3.0,2.0,Sawyer,WD,165300
13084,1982,1596,6,1.5,2.0,NWAmes,WD,207300
10676,1926,1358,2,2.5,2.0,CollgCr,WD,171000
11359,1981,1844,2,1.0,2.0,OldTown,WD,190000
19158,1981,967,7,3.0,1.0,Somerst,WD,163600
11980,1923,1171,3,1.5,0.0,Sawyer,WD,88900
14757,1992,1682,7,1.5,1.0,Somerst,WD,155500
6187,1952,1990,6,1.0,1.0,BrkSide,WD,217100
5723,1907,619,3,2.0,1.0,Somerst,WD,102500
22182,1948,2050,7,1.5,3.0,Somerst,WD,200200
10409,1995,1444,6,3.0,1.0,Sawyer,New,161600
7247,1986,746,1,1.0,1.0,Gilbert,WD,105500
7254,1933,400,1,2.0,1.0,OldTown,WD,92200
7154,1993,888,1,3.0,2.0,OldTown,WD,147500
6943,1948,1492,6,3.0,2.0,CollgCr,WD,163700
5210,1957,1474,2,2.5,2.0,BrkSide,WD,141800
4674,1910,1753,2,2.0,3.0,OldTown,WD,183500
8978,2023,1280,4,3.0,3.0,OldTown,WD,175500
7358,2003,1057,1,1.5,2.0,Sawyer,WD,136100
17216,1924,1335,3,3.0,2.0,Gilbert,WD,172800
11459,1969,1513,5,2.0,1.0,BrkSide,WD,202100
11301,1996,1592,7,1.5,2.0,CollgCr,WD,222000
6826,1962,1184,4,1.5,1.0,Gilbert,WD,151500
9316,1926,1861,6,2.0,2.0,OldTown,WD,171600
11855,2020,1251,4,1.0,1.0,Gilbert,WD,158200
14159,1933,1152,4,2.5,1.0,OldTown,WD,136200
9443,1941,1283,4,1.5,0.0,BrkSide,WD,117300
16976,1946,1930,7,1.5,2.0,Somerst,COD,213100
9937,2010,1447,1,1.0,,CollgCr,New,138700
14712,1962,1222,4,2.0,0.0,BrkSide,WD,122700
7747,1989,1870,1,1.5,2.0,OldTown,WD,212400
3999,2011,2357,7,1.0,1.0,Sawyer,WD,200800
11318,2015,1584,5,3.0,2.0,NWAmes,COD,183600
14224,2006,1994,1,2.5,0.0,Gilbert,WD,196100
13196,2012,1914,5,1.5,0.0,CollgCr,WD,212000
12223,2017,1258,4,1.0,2.0,BrkSide,New,145200
8314,2022,1511,1,3.0,2.0,NWAmes,WD,159100
6612,1979,987,7,2.5,2.0,Somerst,New,125900
13041,1916,1418,3,2.0,2.0,NWAmes,WD,118800
12249,1914,1250,1,2.5,3.0,Somerst,WD,122400
7477,1998,1339,5,1.0,1.0,Somerst,New,138400
17235,1939,1200,3,2.0,1.0,OldTown,WD,157200
6365,1999,1385,5,1.0,3.0,NWAmes,WD,178400
7393,2015,1713,2,2.5,1.0,NWAmes,New,184100
22431,1979,1452,6,3.0,2.0,Somerst,New,151300
15280,1994,754,3,2.0,0.0,BrkSide,WD,125100
8275,1934,1202,3,2.5,2.0,OldTown,ConLD,180600
11426,1953,892,6,2.5,1.0,BrkSide,WD,102000
10694,2019,1598,4,3.0,2.0,BrkSide,WD,224900
2508,2001,1701,1,1.0,2.0,OldTown,New,197900
6290,1925,1603,5,1.5,0.0,Gilbert,WD,138800
9649,2016,1185,5,1.5,1.0,CollgCr,New,162800
8281,1961,1599,3,2.5,1.0,OldTown,WD,168900
11199,2004,1312,2,2.0,1.0,BrkSide,WD,195300
17409,1964,1045,1,2.5,1.0,OldTown,WD,141900
8427,1974,1797,6,2.0,3.0,Somerst,WD,210700
5832,1920,1827,1,3.0,1.0,OldTown,New,152900
11643,1941,1880,5,2.5,2.0,OldTown,WD,199300
8406,1989,1257,6,1.0,2.0,OldTown,WD,143500
9154,2004,1972,3,3.0,1.0,Sawyer,WD,196600
8554,1911,1303,2,3.0,1.0,OldTown,WD,187400
30361,1909,1761,6,1.0,2.0,Sawyer,WD,116300
3228,1985,1296,5,1.5,2.0,CollgCr,WD,168200
8150,1955,1410,1,3.0,2.0,BrkSide,WD,166300
9879,2005,532,5,3.0,2.0,Sawyer,WD,123000
6697,1908,1379,1,2.0,2.0,Gilbert,WD,141000
15520,1943,1536,3,2.0,3.0,Sawyer,WD,178000
14863,1904,1336,3,1.0,3.0,Somerst,WD,148400
9664,1987,2202,6,2.0,3.0,Sawyer,WD,230400
8644,2006,1035,7,,1.0,CollgCr,WD,133800
9358,1919,1275,5,1.5,3.0,Gilbert,WD,195100
9392,1940,1138,6,1.5,2.0,BrkSide,WD,136300
9517,2004,1274,1,3.0,2.0,Sawyer,New,179500
9009,1905,1913,1,2.0,2.0,CollgCr,WD,160100
11229,2018,2091,6,1.5,3.0,Sawyer,New,247900
14423,2009,1220,3,1.5,2.0,BrkSide,WD,181300
5350,1918,1211,4,2.0,2.0,BrkSide,WD,147200
5853,1917,1037,5,1.5,2.0,Sawyer,New,108400
4129,1985,2023,3,2.0,2.0,Sawyer,WD,188500
15263,1901,1948,5,3.0,2.0,Sawyer,WD,208000
11217,1962,1458,6,2.5,1.0,Sawyer,WD,138300
12742,1908,942,2,1.5,1.0,OldTown,WD,121800
4843,1965,977,5,2.0,1.0,Sawyer,WD,109100
24160,1943,1568,2,2.0,2.0,CollgCr,New,186100
7300,1987,1720,3,2.5,2.0,NWAmes,WD,173800
10766,2009,674,6,2.5,2.0,Somerst,WD,117300
15172,1960,1371,7,2.0,2.0,CollgCr,WD,146000
6042,1979,2147,1,1.5,2.0,CollgCr,WD,197500
7531,1974,1413,5,2.5,1.0,OldTown,New,162800
10825,2022,2096,4,1.0,2.0,NWAmes,WD,220100
41305,1928,1760,5,2.5,3.0,Somerst,COD,162100
11505,1929,1066,6,3.0,2.0,Somerst,WD,133600
22097,1946,1383,1,2.5,3.0,OldTown,WD,145800
18085,1991,1449,6,2.0,3.0,Gilbert,WD,198700
11897,2007,1119,2,3.0,1.0,CollgCr,New,165000
6035,1934,1112,2,2.0,2.0,Sawyer,WD,137700
16812,1913,2103,4,2.0,2.0,OldTown,WD,191800
4679,1975,1109,1,3.0,2.0,OldTown,COD,185300
22036,1974,1931,5,1.0,1.0,Somerst,WD,180100
10938,1946,1325,4,2.5,1.0,Somerst,WD,122600
2630,1922,1490,4,2.5,1.0,BrkSide,New,154900
8348,2005,1725,1,2.0,2.0,NWAmes,WD,170500
13725,2004,1261,6,1.0,1.0,Somerst,WD,151100
8791,1992,1727,1,2.5,2.0,Sawyer,WD,177400
14150,1971,681,2,1.5,2.0,CollgCr,New,111500
6470,1932,1676,3,3.0,2.0,BrkSide,WD,163600
5151,1949,513,5,2.5,3.0,Somerst,New,139700
9550,1908,1409,3,1.5,2.0,Somerst,WD,168800
10055,1930,1842,6,2.0,0.0,Somerst,WD,171600
8315,1955,1749,7,1.0,3.0,OldTown,WD,198200
18282,1954,981,6,2.0,2.0,Gilbert,WD,131800
6470,1909,1032,1,1.0,2.0,Gilbert,WD,79100
11575,2018,1225,6,3.0,2.0,Gilbert,WD,176900
10239,1933,1574,2,2.5,1.0,Gilbert,WD,105700
4544,1963,687,7,1.5,2.0,OldTown,New,85000
5118,1957,1495,7,3.0,1.0,BrkSide,WD,150900
9956,1958,1625,1,1.0,2.0,NWAmes,WD,178900
26651,2004,1387,1,2.0,1.0,Gilbert,WD,153300
13222,1992,1710,5,1.0,2.0,OldTown,WD,219200
4176,2007,1589,2,1.0,1.0,Sawyer,ConLD,183500
2090,1947,1283,7,1.5,1.0,Gilbert,WD,134500
14279,1932,726,4,1.5,1.0,Somerst,WD,132100
9432,1953,1553,5,2.5,2.0,BrkSide,New,199400
17512,1969,1119,7,3.0,1.0,Gilbert,WD,147300
6372,1941,1269,2,2.5,2.0,BrkSide,New,133400
11791,1957,1692,4,2.5,1.0,Sawyer,COD,154000
15110,1918,2067,7,2.0,2.0,CollgCr,WD,157000
7913,1972,1485,1,1.5,1.0,BrkSide,WD,157200
7998,1988,1722,2,1.5,3.0,Sawyer,WD,178900
10023,1965,922,2,3.0,1.0,CollgCr,New,118400
12982,2008,1598,3,2.0,1.0,Sawyer,WD,180300
9826,2023,1476,1,2.0,1.0,NWAmes,WD,133200
16107,2012,1992,2,1.0,0.0,BrkSide,WD,160700
7856,1911,1284,6,2.0,2.0,CollgCr,WD,130600
5094,2009,1403,4,2.5,1.0,CollgCr,New,163600
26595,1941,1924,3,2.0,3.0,Somerst,WD,187000
7315,1956,1463,3,2.5,2.0,NWAmes,WD,158700
7449,1951,1056,7,3.0,1.0,Gilbert,WD,114100
9577,1935,2521,4,1.0,2.0,CollgCr,COD,187000
10235,2008,1069,4,3.0,1.0,Gilbert,WD,135300
8157,1979,1474,7,3.0,1.0,OldTown,New,155300
9811,2019,1639,1,2.0,1.0,Somerst,New,174400
9702,2018,1607,4,2.5,1.0,Gilbert,New,180800
10801,1952,1424,6,1.0,1.0,CollgCr,WD,157100
3045,1990,1426,4,1.5,3.0,NWAmes,WD,197900
25348,1962,1406,7,1.0,2.0,Gilbert,New,150100
9194,1961,1054,7,,3.0,CollgCr,COD,123600
13231,1991,2360,3,3.0,1.0,BrkSide,WD,237300
4969,1985,1412,6,2.5,3.0,Sawyer,WD,189700
7820,2013,1739,2,2.5,1.0,BrkSide,WD,165300
7072,1995,1366,2,1.0,1.0,NWAmes,New,164000
20637,1977,1358,7,3.0,2.0,Somerst,New,185900
7384,2013,1318,1,1.0,0.0,BrkSide,WD,183800
14459,1912,880,3,2.0,2.0,Sawyer,WD,123800
7149,1994,1436,5,2.5,2.0,Sawyer,WD,195200
7893,1948,1337,3,3.0,2.0,CollgCr,New,130500
8754,1953,1969,6,3.0,2.0,BrkSide,WD,190300
18806,1996,1021,2,2.0,1.0,NWAmes,WD,133100
3847,1933,1269,4,2.0,0.0,Sawyer,WD,129300
5126,2009,1141,1,2.0,3.0,Sawyer,New,206500
3738,1961,2077,2,2.0,1.0,OldTown,WD,192300
5746,1943,1152,2,2.5,1.0,OldTown,WD,112300
6596,1940,1725,6,2.5,1.0,OldTown,WD,136400
4415,1952,1888,2,2.0,3.0,Gilbert,COD,231200
6856,2016,1442,5,2.0,2.0,BrkSide,WD,191200
3614,1912,949,3,1.0,2.0,OldTown,WD,131600
5949,1962,954,4,1.0,3.0,OldTown,WD,143000
18038,2003,1844,7,2.0,0.0,NWAmes,WD,180500
12110,1958,996,7,1.5,3.0,Somerst,New,131200
10870,1970,1657,1,2.5,0.0,OldTown,New,162700
5995,1943,1546,6,3.0,1.0,Gilbert,WD,129200
4591,1916,1651,7,2.5,0.0,BrkSide,New,131200
5599,1979,1689,5,3.0,3.0,CollgCr,WD,182500
9686,2014,1127,2,2.0,3.0,OldTown,New,109800
15277,1964,1110,5,3.0,2.0,CollgCr,WD,140100
15540,1953,1786,5,3.0,1.0,CollgCr,WD,151000
13566,1916,1248,5,1.0,1.0,NWAmes,New,124000
6845,2017,400,4,2.5,2.0,OldTown,COD,123900
10019,2007,1760,4,2.0,1.0,Somerst,New,219100
8428,2011,1085,5,3.0,0.0,OldTown,WD,141900
8950,1944,1687,4,2.0,2.0,Gilbert,New,179500
27407,1977,2057,6,1.0,2.0,NWAmes,WD,212900
4101,1953,1507,5,1.5,3.0,OldTown,WD,195000
8801,1929,1898,3,1.0,2.0,OldTown,WD,189000
18140,1925,1562,5,1.5,1.0,NWAmes,WD,153800
4755,1947,2135,6,1.0,2.0,Gilbert,WD,212500
7173,1968,1075,4,2.5,,CollgCr,New,85800
7597,1915,1497,6,2.0,2.0,Somerst,WD,195400
8852,1987,1769,1,2.5,2.0,Gilbert,WD,222000
4456,1956,1424,3,3.0,1.0,NWAmes,WD,154300
13328,2009,1961,5,2.5,1.0,OldTown,New,167100
13810,1934,1327,7,2.0,3.0,Somerst,WD,186200
12761,1906,2328,5,,2.0,CollgCr,New,182800
6405,1938,2349,5,2.5,2.0,BrkSide,WD,218100
10335,2020,1613,3,2.0,2.0,Sawyer,WD,165900
6312,1939,1721,5,2.5,2.0,Somerst,New,217700
8381,1987,1977,3,1.0,0.0,CollgCr,WD,148800
29049,2004,1025,1,1.0,2.0,OldTown,New,155800
10382,1935,975,2,1.0,3.0,Sawyer,WD,100500
5466,1979,2003,5,2.5,0.0,BrkSide,WD,175800
10831,1925,1610,7,2.0,1.0,CollgCr,WD,142300
5035,1944,1409,4,1.5,2.0,Gilbert,New,180200
5434,1936,1504,7,1.5,2.0,CollgCr,WD,151800
5881,1983,546,6,2.5,1.0,BrkSide,WD,132500
7926,2008,1424,4,3.0,2.0,Somerst,WD,157000
15811,1931,1199,6,3.0,2.0,OldTown,ConLD,136400
13216,1936,1867,3,2.0,2.0,BrkSide,New,175000
12855,2001,1898,4,2.5,1.0,BrkSide,New,199400
5713,1957,1731,6,1.0,0.0,Somerst,WD,162500
7550,1963,1658,5,3.0,2.0,BrkSide,WD,191300
11339,1987,901,4,1.0,3.0,CollgCr,New,159800
7229,1917,1736,4,1.5,2.0,CollgCr,New,180600
8611,2008,1752,7,2.5,1.0,NWAmes,New,165600
12341,1945,1998,1,3.0,3.0,Gilbert,New,210000
8313,1981,2347,1,1.0,1.0,Somerst,New,240300
11081,1953,823,4,2.5,2.0,Sawyer,WD,94400
21947,1993,1345,1,1.0,1.0,Sawyer,WD,166500
9082,1975,1203,3,1.0,2.0,OldTown,ConLD,169000
17848,1921,1569,4,2.0,2.0,BrkSide,WD,188600
13091,1923,1505,3,2.0,2.0,CollgCr,WD,171000
4752,2008,1406,2,1.5,1.0,NWAmes,WD,166500
5704,1964,1911,2,3.0,2.0,Somerst,WD,199700
6524,1934,1059,5,2.5,1.0,NWAmes,New,108500
6455,1917,1084,7,2.0,3.0,OldTown,New,135800
9460,1915,1090,6,2.0,0.0,Somerst,WD,80500
13458,2014,1356,4,2.0,2.0,OldTown,WD,205300
18538,2021,1009,1,1.0,2.0,BrkSide,WD,167600
11546,1948,1481,2,2.5,1.0,CollgCr,New,132300
7920,1925,1434,4,2.5,1.0,NWAmes,WD,146600
3494,1951,1185,2,2.0,0.0,CollgCr,WD,146500
10253,1916,1850,5,2.0,2.0,CollgCr,WD,193200
10025,1968,1476,3,3.0,3.0,Somerst,WD,161800
10845,1977,1925,6,2.5,2.0,BrkSide,WD,133100
28371,2022,1422,2,1.5,3.0,NWAmes,WD,201500
18404,1939,1490,4,1.0,1.0,BrkSide,WD,130700
14655,1924,1275,6,3.0,1.0,Sawyer,WD,144600
6118,1916,1497,2,2.5,3.0,NWAmes,WD,184900
7658,1946,1785,6,2.5,3.0,BrkSide,WD,213000
9439,1974,1335,5,1.5,1.0,Somerst,WD,185300
6716,1908,1707,5,1.0,2.0,NWAmes,New,187800
12711,1994,1175,4,2.0,3.0,Gilbert,WD,206600
11831,1957,1804,7,2.5,2.0,Gilbert,New,210700
5744,1998,1268,6,1.5,2.0,Sawyer,WD,195300
18005,1957,1841,2,,1.0,CollgCr,New,172300
10417,1919,1524,4,3.0,0.0,NWAmes,WD,106500
4169,1902,2108,7,1.5,2.0,Gilbert,WD,233000
9646,1969,1038,2,1.5,2.0,Somerst,WD,145800
11391,1966,910,4,1.5,1.0,BrkSide,WD,149200
16097,2000,1254,6,3.0,1.0,Somerst,WD,142800
8360,2008,946,2,2.0,,Somerst,New,158500
14972,1919,947,4,3.0,2.0,Somerst,WD,75700
10868,1939,1749,4,3.0,1.0,Gilbert,COD,154500
5128,1925,1498,2,2.0,1.0,OldTown,WD,142700
4878,1913,1308,2,1.0,1.0,CollgCr,WD,139900
17349,1900,1345,4,1.5,3.0,Sawyer,New,174200
17998,1910,1261,2,2.0,2.0,CollgCr,WD,117300
11631,1965,2160,7,1.5,1.0,OldTown,WD,206300
20907,1918,1206,4,1.0,2.0,CollgCr,WD,163100
16786,1924,971,5,3.0,2.0,Somerst,WD,174300
13930,1914,1818,3,1.5,2.0,OldTown,WD,185100
6275,1989,1414,3,2.5,2.0,Sawyer,WD,162100
23523,1978,2316,4,3.0,2.0,OldTown,WD,192100
12941,2019,1290,5,2.0,2.0,Somerst,WD,210000
8161,1913,1838,3,2.5,1.0,CollgCr,WD,174500
7086,1925,1933,2,1.0,1.0,Somerst,WD,168200
11253,1956,1291,2,2.5,0.0,OldTown,New,98200
4292,1980,1203,4,3.0,2.0,BrkSide,WD,138300
14042,1916,1797,5,3.0,2.0,BrkSide,WD,183100
6144,1926,1730,4,1.0,2.0,OldTown,ConLD,176800
11912,1952,936,2,1.5,1.0,CollgCr,COD,83000
7625,1902,1049,2,1.0,2.0,BrkSide,WD,137700
8671,1949,485,3,3.0,1.0,Somerst,WD,64800
6779,1994,1738,3,1.5,1.0,OldTown,WD,205700
9131,1965,1395,2,2.0,2.0,OldTown,COD,167200
25456,1953,1435,7,2.0,,Somerst,WD,128400
19782,1960,823,3,2.5,1.0,NWAmes,WD,137900
11816,2017,1061,2,3.0,1.0,Gilbert,WD,155300
9773,1964,1309,5,1.5,2.0,CollgCr,WD,184500
15095,1966,1231,6,2.5,1.0,Somerst,WD,143900
17413,2015,1547,4,1.5,3.0,CollgCr,New,201200
6536,1919,1733,5,1.0,3.0,NWAmes,WD,174100
9521,1911,2408,1,1.0,2.0,Somerst,WD,207800
3980,1955,1492,4,1.5,1.0,CollgCr,New,187300
17354,1939,1946,1,2.0,2.0,Sawyer,WD,175500
27792,1925,1168,1,2.5,0.0,NWAmes,WD,127500
10301,1914,830,5,3.0,3.0,NWAmes,WD,111000
3420,2008,1359,2,2.0,2.0,OldTown,New,132600
13419,1976,861,1,2.0,1.0,OldTown,WD,129100
6298,1985,1506,2,1.0,1.0,Sawyer,New,170500
7103,1914,1188,6,3.0,2.0,BrkSide,WD,134100
13538,1942,718,5,1.5,3.0,Gilbert,WD,101000
11240,1976,2194,3,2.5,2.0,OldTown,WD,216400
7754,1965,1285,7,2.5,2.0,NWAmes,WD,162300
7152,1986,845,3,3.0,2.0,CollgCr,WD,121300
10540,1983,1859,7,3.0,2.0,OldTown,New,166900
8065,1951,1209,3,2.5,2.0,OldTown,WD,143500
5684,1997,1936,1,2.5,1.0,NWAmes,WD,203400
8381,1932,1207,1,1.0,2.0,Somerst,COD,151100
11729,1909,1284,2,1.0,3.0,NWAmes,WD,134500
9054,2013,1638,2,2.0,1.0,Gilbert,WD,181500
4882,1902,1737,2,2.5,1.0,CollgCr,WD,168700
16229,1935,1807,3,2.5,0.0,Somerst,WD,129200
2516,1914,1464,7,1.5,2.0,Gilbert,COD,152800
7917,1928,1711,2,2.0,2.0,CollgCr,COD,196100
7258,1948,1798,2,3.0,1.0,OldTown,WD,142600
10658,1916,1580,7,1.0,2.0,Sawyer,COD,181600
13106,1957,1443,2,1.5,0.0,CollgCr,WD,171600
17385,2014,922,6,3.0,3.0,OldTown,ConLD,159300
6931,1916,1740,5,1.0,2.0,Sawyer,New,160400
13270,2014,1517,7,1.5,2.0,NWAmes,WD,205100
10915,1950,1335,4,2.0,2.0,CollgCr,WD,151500
4206,1973,2011,5,2.5,1.0,Sawyer,New,140200
25598,1954,929,2,,2.0,CollgCr,WD,132100
4820,1939,2158,5,2.5,2.0,Gilbert,WD,206600
12207,1913,1491,5,1.5,1.0,Gilbert,WD,155500
12028,1973,1627,7,1.5,3.0,Sawyer,WD,172600
11360,2013,1342,1,2.0,0.0,Sawyer,WD,145100
7729,1964,833,2,1.0,2.0,Gilbert,WD,151400
14967,1974,1444,1,2.5,1.0,OldTown,WD,155200
4536,1979,1634,6,2.5,2.0,BrkSide,WD,149800
9577,1948,1770,1,3.0,0.0,OldTown,WD,179300
7466,1914,1421,7,1.5,0.0,CollgCr,WD,120900
7054,1962,623,3,1.5,2.0,NWAmes,WD,141500
12263,2007,883,3,3.0,3.0,Somerst,WD,131600
16962,1938,2321,7,1.0,1.0,Gilbert,WD,191400
8336,2008,1063,6,2.0,2.0,OldTown,WD,167900
14623,2005,2071,4,2.0,2.0,NWAmes,WD,210500
10146,1930,1126,7,2.0,2.0,Somerst,WD,114100
6334,1971,1427,6,2.0,,Gilbert,WD,106800
8700,1992,1750,5,2.5,2.0,NWAmes,New,221100
8521,1961,1172,3,1.0,3.0,Sawyer,WD,166500
6986,1986,2137,7,3.0,1.0,CollgCr,New,221500
12262,2012,1530,6,3.0,2.0,BrkSide,WD,203100
11129,1977,1684,7,1.0,3.0,Somerst,WD,206500
4468,2003,1393,7,3.0,1.0,Somerst,WD,155900
4334,1999,1763,4,1.5,1.0,NWAmes,WD,191300
12239,2000,2132,3,1.0,1.0,CollgCr,WD,230700
6584,2005,1447,7,1.5,2.0,Sawyer,New,179500
11511,1927,2192,7,2.5,3.0,CollgCr,New,245500
14625,1902,1255,1,3.0,2.0,BrkSide,WD,106400
5242,1918,1806,5,2.5,2.0,CollgCr,ConLD,139400
4886,1930,1696,5,3.0,1.0,BrkSide,WD,176800
22862,1985,1073,6,1.5,0.0,Somerst,WD,110900
11799,1963,1586,7,3.0,1.0,Gilbert,New,201800
8026,1958,1503,2,2.5,1.0,BrkSide,WD,181600
6204,1901,1159,7,1.0,1.0,OldTown,WD,150600
7668,1984,1643,5,1.0,2.0,Somerst,WD,200100
5457,1945,1559,1,1.5,1.0,BrkSide,WD,135600
15394,1994,1471,4,1.0,0.0,CollgCr,WD,118700
6712,1913,1473,1,1.5,1.0,OldTown,WD,169600
17099,1936,1464,7,3.0,1.0,NWAmes,WD,116100
8101,1906,1353,6,1.5,1.0,OldTown,New,162700
5874,1935,1556,7,2.5,1.0,BrkSide,COD,164300
7997,2014,1242,5,3.0,1.0,BrkSide,WD,155800
2665,1960,2563,3,1.5,2.0,CollgCr,WD,234600
9317,1954,936,3,2.5,2.0,CollgCr,WD,143800
9090,1933,1266,7,2.0,3.0,Sawyer,WD,154300
14949,1932,1298,2,1.5,2.0,NWAmes,WD,176300
3854,1982,2316,7,3.0,2.0,Sawyer,WD,246600
17693,2022,972,3,2.5,3.0,BrkSide,New,172000
14918,1992,1670,5,2.0,2.0,Somerst,WD,174300
18509,1991,1599,5,3.0,2.0,CollgCr,WD,208200
9640,1958,1633,1,3.0,2.0,Gilbert,WD,133600
16431,1912,1995,2,2.5,1.0,Gilbert,New,177000
4743,1989,1986,2,,1.0,NWAmes,WD,205500
14137,2000,1320,6,1.5,1.0,Somerst,New,140800
6731,1963,1578,1,1.5,2.0,CollgCr,New,192000
4334,1911,754,5,1.5,0.0,NWAmes,WD,87000
5642,1988,1540,1,2.5,2.0,Somerst,WD,167000
9925,2014,1182,6,3.0,3.0,NWAmes,WD,197300
6554,1927,1425,7,2.5,2.0,OldTown,WD,131600
11945,1919,826,3,2.0,0.0,BrkSide,WD,111300
4007,1991,1662,2,,2.0,Gilbert,WD,145900
3417,1941,821,4,1.0,1.0,BrkSide,New,118000
19657,1988,1559,5,1.5,3.0,Sawyer,WD,191800
15551,1987,1009,6,,2.0,Gilbert,WD,137600
5857,1933,1160,5,,2.0,Somerst,WD,148300
9882,1905,1962,5,3.0,2.0,Gilbert,WD,174600
16478,1968,1735,5,1.0,2.0,NWAmes,WD,203700
12205,1950,1960,2,2.5,2.0,BrkSide,WD,200800
10658,2006,2124,2,2.5,0.0,CollgCr,WD,200500
17113,1944,1191,7,3.0,1.0,OldTown,WD,139300
6868,1930,2100,5,2.5,0.0,OldTown,WD,157900
10053,2006,914,7,2.0,2.0,CollgCr,WD,142800
9809,1991,1798,5,2.5,3.0,Gilbert,WD,210000
8635,1976,1303,4,1.5,2.0,CollgCr,New,157800
8144,2018,1128,4,2.0,2.0,OldTown,WD,186500
10264,1997,1746,5,3.0,3.0,Somerst,New,205800
10069,2007,1878,2,,1.0,Sawyer,WD,197700
5859,1999,1866,4,1.5,0.0,Somerst,WD,147100
14778,1949,1586,6,1.0,3.0,CollgCr,WD,199600
6074,1907,1553,1,2.0,3.0,CollgCr,COD,154700
8874,1975,1711,1,2.5,2.0,Sawyer,WD,162600
8539,1994,1622,2,1.0,1.0,NWAmes,WD,205100
11838,2022,1717,5,2.0,,Somerst,WD,223800
3430,1984,1582,2,2.0,2.0,Sawyer,WD,198600
15451,1970,1837,4,2.5,2.0,Somerst,WD,197900
7055,1971,849,1,1.5,1.0,Somerst,New,120900
18215,1914,1447,2,1.0,2.0,Sawyer,WD,145000
7793,1900,946,1,1.0,2.0,Somerst,COD,134400
9658,1905,1611,6,2.0,3.0,NWAmes,New,191600
25768,2012,2157,4,2.0,2.0,Gilbert,COD,217700
8616,1997,1310,2,3.0,2.0,CollgCr,New,209400
18387,1932,1551,4,2.0,,OldTown,WD,157800
10092,1952,1803,7,1.0,2.0,Sawyer,WD,153700
12182,1959,673,6,2.5,2.0,Somerst,WD,87100
10249,1930,1291,7,1.0,0.0,Somerst,New,89000
15122,1952,1646,3,1.5,1.0,Gilbert,WD,152700
7025,1943,400,3,2.5,2.0,OldTown,New,97100
6051,1986,1109,3,1.5,0.0,OldTown,WD,143200
7192,1993,1940,3,2.0,0.0,Somerst,WD,176800
10403,1912,1901,7,2.0,3.0,BrkSide,WD,203800
8863,1957,1650,1,3.0,,Gilbert,WD,175500
14117,2022,1853,6,1.5,0.0,Gilbert,WD,181600
19003,2007,1586,7,,1.0,Gilbert,WD,162600
6076,1998,1722,6,2.5,2.0,BrkSide,WD,219400
6857,1991,1374,5,2.5,2.0,Sawyer,WD,139000
4827,1900,1546,6,1.0,2.0,OldTown,COD,157900
27315,2020,1247,1,1.0,2.0,NWAmes,WD,167800
11526,1991,2005,6,2.5,1.0,NWAmes,WD,208000
12580,2010,2109,4,2.0,2.0,CollgCr,WD,215400
5064,2012,2052,7,1.5,1.0,BrkSide,WD,201400
9891,1931,1337,1,3.0,2.0,CollgCr,WD,144300
12767,1901,1118,7,1.5,1.0,Sawyer,WD,144500
8722,1981,2011,5,2.0,0.0,OldTown,WD,177800
16947,1956,1718,1,2.5,1.0,Gilbert,WD,205500
31442,1902,1631,4,3.0,3.0,Sawyer,WD,174500
6164,1933,1247,1,3.0,1.0,NWAmes,New,133700
5937,2022,1670,1,2.5,1.0,OldTown,WD,180300
6381,1945,1066,4,1.0,1.0,OldTown,WD,138200
22095,1932,1754,6,1.0,2.0,Gilbert,WD,161100
16667,1981,2052,1,2.5,2.0,BrkSide,New,206900
9249,1982,2152,2,2.0,3.0,Gilbert,WD,221900
10080,1941,1783,3,1.0,2.0,OldTown,New,183700
6580,2005,947,4,2.5,2.0,Sawyer,New,157400
15445,1971,1579,1,3.0,2.0,NWAmes,ConLD,183000
8185,1919,2356,5,1.0,0.0,OldTown,New,180000
8690,1940,1153,4,3.0,3.0,Somerst,WD,185600
13419,2005,1476,7,1.5,3.0,CollgCr,COD,199900
9009,1911,2065,3,1.5,1.0,BrkSide,New,223800
8800,1901,1747,4,2.5,2.0,BrkSide,WD,164200
9950,1981,2492,1,1.5,1.0,OldTown,WD,235300
14731,1954,1207,7,1.0,2.0,Gilbert,COD,134900
22545,1931,1104,6,3.0,2.0,OldTown,WD,164800
13263,1958,1990,3,1.5,3.0,NWAmes,New,191600
14789,1922,1022,4,1.0,1.0,CollgCr,WD,126700
8956,1946,1421,7,2.5,2.0,Sawyer,WD,153500
6947,1929,1474,3,1.5,2.0,OldTown,WD,165600
13725,1972,1914,2,2.5,1.0,BrkSide,WD,177000
10782,1983,1746,2,1.0,2.0,CollgCr,WD,171900
4859,2013,1683,5,2.0,2.0,CollgCr,COD,187800
8400,1908,1339,2,2.0,2.0,BrkSide,WD,173700
9495,1940,1986,1,3.0,3.0,BrkSide,WD,209400
7668,1932,3110,2,2.0,0.0,OldTown,WD,197700
20762,1971,1777,7,3.0,1.0,OldTown,WD,195700
12581,1966,1540,7,1.5,1.0,Sawyer,ConLD,141500
19665,2008,981,7,2.0,1.0,BrkSide,WD,156000
11290,2013,1245,2,3.0,2.0,NWAmes,WD,180200
10308,1995,1415,4,1.0,3.0,CollgCr,New,197500
6196,1924,1286,4,3.0,2.0,CollgCr,WD,181800
9956,1905,1494,4,2.5,2.0,CollgCr,WD,133900
9962,2011,2211,1,2.5,1.0,Gilbert,WD,221900
4996,2016,1999,5,1.5,1.0,OldTown,WD,224700
7557,1931,1436,1,3.0,2.0,Gilbert,New,142200
8420,1905,1017,2,3.0,2.0,Sawyer,WD,109300
12170,1984,2035,3,1.5,1.0,CollgCr,WD,186200
12465,1973,1480,5,2.0,3.0,BrkSide,WD,188600
7401,2010,809,7,1.0,2.0,BrkSide,New,116100
12512,1971,1785,5,1.5,1.0,Somerst,WD,185300
9036,1994,1910,4,1.0,2.0,OldTown,WD,171900
2357,1997,530,4,2.0,2.0,Somerst,WD,150900
7767,1901,1170,4,2.0,1.0,CollgCr,WD,129700
16975,1918,1456,2,2.0,2.0,CollgCr,WD,190500
4269,1996,1794,7,2.5,2.0,BrkSide,WD,207600
10471,1922,1294,7,3.0,2.0,CollgCr,WD,138500
21865,1925,1167,2,1.0,3.0,Somerst,WD,134500
6766,1993,1791,1,1.5,2.0,Sawyer,WD,198000
9908,1925,1313,2,1.5,2.0,OldTown,WD,145900
5156,1918,1717,5,3.0,1.0,OldTown,WD,178400
22328,1901,1055,1,1.0,1.0,Somerst,WD,94600
9493,1958,959,1,1.0,1.0,BrkSide,COD,165400
10131,1978,1802,5,1.0,1.0,Sawyer,WD,202800
19480,1990,1601,2,2.5,,BrkSide,WD,177800
13777,2012,1869,1,2.0,1.0,BrkSide,WD,227200
6388,1980,1287,1,3.0,1.0,OldTown,WD,133900
7161,1993,1182,5,1.5,2.0,Somerst,WD,163800
12676,1926,2044,3,1.5,1.0,NWAmes,New,149500
7244,1942,891,2,2.0,2.0,CollgCr,WD,165300
3434,1937,2001,5,1.0,2.0,BrkSide,WD,155000
9637,1908,2028,2,3.0,1.0,Gilbert,WD,139900
4722,2020,1844,4,3.0,0.0,Sawyer,WD,167500
22207,1929,1225,4,1.0,2.0,CollgCr,WD,169300
10812,1955,1173,5,3.0,,Sawyer,WD,142900
6294,1944,1416,5,2.0,2.0,OldTown,WD,160300
6979,1905,982,5,1.5,2.0,OldTown,New,142700
3848,2012,1115,2,3.0,2.0,Gilbert,WD,159400
5712,1927,1758,1,2.0,2.0,OldTown,WD,180000
16451,1912,1760,4,1.5,3.0,CollgCr,ConLD,212200
30209,1942,1080,1,3.0,1.0,Sawyer,WD,121900
14231,1917,1770,4,2.5,3.0,NWAmes,WD,165900
9452,2023,1682,5,1.0,2.0,Somerst,WD,205600
7975,1923,2104,6,2.5,2.0,Somerst,COD,204200
6135,1937,1728,5,2.5,1.0,Gilbert,WD,163100
27719,1933,1923,7,1.5,1.0,BrkSide,WD,190500
9006,1903,1691,4,2.0,3.0,Sawyer,WD,168700
28504,1901,1892,4,3.0,1.0,Somerst,WD,161700
19866,1963,985,2,1.0,3.0,Somerst,WD,159400
4145,1928,1451,5,2.5,2.0,OldTown,WD,160800
7094,1910,1484,6,,2.0,CollgCr,New,183700
7083,1936,1403,3,3.0,2.0,CollgCr,WD,162200
9510,1933,1678,1,1.5,1.0,Somerst,WD,150900
9603,1952,1754,1,1.5,2.0,BrkSide,WD,189400
44273,2023,1657,5,3.0,3.0,BrkSide,WD,227000
5776,1938,1429,5,2.0,1.0,OldTown,WD,160300
11098,1987,1206,1,2.0,3.0,Somerst,WD,185600
13470,1995,1939,1,2.0,3.0,OldTown,WD,184000
9889,1906,1640,5,2.0,0.0,OldTown,New,84900
10458,1962,1093,3,2.5,2.0,Somerst,WD,171000
5870,1955,1423,3,2.0,1.0,BrkSide,WD,158300
10438,1962,803,2,1.5,2.0,CollgCr,New,129100
12781,1921,1514,6,2.0,3.0,Gilbert,WD,182300
11659,1957,1421,6,2.5,3.0,Somerst,New,212600
13162,1915,1270,1,3.0,3.0,NWAmes,New,181400
20056,2017,2134,1,2.0,1.0,BrkSide,WD,226500
15811,1972,1038,4,2.5,2.0,Sawyer,WD,127800
10256,1904,1783,5,2.0,1.0,Sawyer,WD,138900
5509,1962,2375,2,2.5,3.0,Somerst,New,180300
7332,2014,1931,2,1.5,1.0,OldTown,WD,207900
8868,1992,1487,5,2.0,1.0,BrkSide,COD,186400
11228,1933,1046,4,1.0,0.0,BrkSide,WD,134000
7792,2010,955,1,1.5,1.0,BrkSide,WD,153800
6199,1923,1335,5,2.5,1.0,NWAmes,WD,132000
5464,1930,1225,1,1.0,0.0,CollgCr,COD,107900
4335,1919,1212,2,1.5,3.0,CollgCr,WD,134700
8800,2014,1369,5,2.5,2.0,Somerst,WD,173000
4747,1988,1459,2,3.0,1.0,Somerst,New,141900
6001,1964,1694,1,2.0,2.0,CollgCr,WD,214300
8128,1982,1005,7,2.0,,BrkSide,WD,120600
5075,1932,1227,2,2.0,2.0,Gilbert,New,139900
11967,1908,1436,4,2.5,1.0,CollgCr,New,97500
14330,2004,1422,6,2.0,2.0,Gilbert,WD,182100
7520,2019,2235,7,1.0,1.0,Gilbert,WD,213400
7954,1904,1593,6,2.0,1.0,NWAmes,WD,136500
12948,1906,855,3,1.5,2.0,BrkSide,WD,97000
6926,1969,1667,6,2.5,2.0,BrkSide,WD,179200
6692,1905,1718,1,1.0,2.0,NWAmes,WD,151900
18002,1989,1450,3,2.5,1.0,NWAmes,WD,158500
15400,2017,1015,2,1.0,2.0,CollgCr,WD,196900
13370,1934,2203,4,3.0,2.0,Sawyer,New,201600
15722,1936,1072,7,2.5,0.0,BrkSide,WD,123200
3683,2007,1764,6,1.0,0.0,Gilbert,WD,162600
19476,1944,1580,7,3.0,1.0,CollgCr,COD,139200
12040,1929,1740,1,2.0,1.0,NWAmes,New,158700
16406,1910,2183,6,2.5,,Sawyer,WD,227900
12011,2004,1725,6,1.0,0.0,OldTown,COD,163100
10142,2014,1277,4,1.0,2.0,Gilbert,WD,178500
8624,1909,1942,1,3.0,2.0,Gilbert,WD,159700
11891,1999,1248,1,2.0,2.0,NWAmes,WD,110000
8469,1919,1565,7,2.5,2.0,Gilbert,WD,142800
15274,1917,983,3,3.0,1.0,BrkSide,WD,161600
4477,1947,1087,5,2.0,3.0,OldTown,WD,164600
7549,1954,1521,7,1.5,2.0,NWAmes,New,199500
27513,2005,1647,4,3.0,2.0,Sawyer,WD,181900
7237,1986,819,2,1.0,1.0,Sawyer,WD,78500
8784,1917,1699,4,2.0,2.0,NWAmes,WD,143200
6366,1972,1172,2,3.0,,BrkSide,WD,160800
11707,2008,2012,2,1.5,2.0,Somerst,COD,214600
6849,1982,1359,6,1.5,2.0,NWAmes,WD,165900
9020,1928,1051,3,2.0,3.0,Sawyer,New,134400
15130,1915,1530,5,1.0,3.0,NWAmes,WD,186200
6979,1956,1134,6,,2.0,Somerst,WD,135900
14681,1958,2008,4,1.5,3.0,NWAmes,WD,212800
14930,1943,1500,4,3.0,3.0,Gilbert,WD,178100
16772,1913,1439,2,1.5,0.0,BrkSide,New,118500
10618,1914,1737,4,2.5,2.0,Gilbert,WD,148900
50043,1965,1098,6,2.0,1.0,CollgCr,WD,126100
16769,2017,984,2,2.5,1.0,OldTown,WD,181500
11643,1974,1663,2,1.5,1.0,BrkSide,WD,190700
6387,1954,1060,5,3.0,2.0,Somerst,WD,161700
9428,2015,1060,7,1.5,0.0,CollgCr,WD,119900
20194,1985,1835,3,2.5,1.0,CollgCr,WD,152500
23266,1989,1710,6,3.0,0.0,OldTown,WD,185500
20726,1971,998,2,2.0,2.0,CollgCr,New,161100
14656,1994,1252,4,2.5,3.0,Sawyer,WD,178600
5283,1962,1139,7,1.0,3.0,Gilbert,WD,152600
12627,1977,2211,4,2.0,2.0,Gilbert,New,182200
5320,1976,1862,4,1.5,1.0,OldTown,New,197400
4704,1993,1332,2,3.0,3.0,Gilbert,WD,203700
11154,2011,1730,4,3.0,1.0,BrkSide,COD,169700
12856,1936,958,5,2.5,,BrkSide,New,127000
15548,1986,1231,7,3.0,2.0,Somerst,WD,185100
12690,1903,1542,2,3.0,2.0,Gilbert,WD,139700
12910,1966,1681,3,2.5,0.0,Somerst,WD,190600
6049,2011,1461,5,2.0,0.0,BrkSide,WD,154300
9391,1980,1599,7,1.5,2.0,BrkSide,COD,171000
4658,1933,1531,2,3.0,2.0,CollgCr,WD,161800
3635,1975,1435,5,1.0,2.0,NWAmes,WD,160500
14333,1944,1382,7,1.0,2.0,CollgCr,COD,178500
6792,1953,1329,5,3.0,2.0,Gilbert,WD,173500
15310,1928,1593,3,1.0,1.0,Somerst,WD,172600
17226,1977,1664,2,1.0,2.0,Gilbert,COD,185100
7261,1924,1579,3,2.0,1.0,BrkSide,WD,139700
13295,1955,1029,1,2.0,2.0,BrkSide,WD,139700
7111,2016,1100,2,1.0,2.0,CollgCr,WD,153600
3933,1993,1660,4,1.5,2.0,OldTown,COD,215300
10527,1951,2089,1,1.5,2.0,Sawyer,WD,217000
7821,2020,1561,1,1.5,1.0,OldTown,WD,174800
7942,1901,1335,5,1.0,2.0,Somerst,WD,122000
26574,2019,1590,1,2.5,2.0,BrkSide,New,220800
4615,1943,1045,1,2.0,2.0,NWAmes,WD,139900
11985,2001,2024,5,3.0,2.0,OldTown,WD,205800
6019,2017,1575,7,1.0,3.0,BrkSide,COD,231500
15586,1974,1232,6,2.5,1.0,Gilbert,New,134600
11490,1975,1433,1,3.0,2.0,Somerst,WD,161700
11964,1992,1289,2,2.0,2.0,Gilbert,WD,160700
6171,1929,2025,6,2.5,1.0,Gilbert,WD,148500
6749,1922,1419,6,2.0,2.0,NWAmes,WD,157800
15735,1942,1562,3,2.0,1.0,BrkSide,WD,138100
23990,1959,1729,7,3.0,1.0,Sawyer,New,156200
12584,1992,1204,7,2.0,0.0,CollgCr,WD,122500
6319,1931,1577,6,2.0,2.0,BrkSide,New,151100
11725,1970,1610,6,3.0,2.0,BrkSide,WD,159600
33314,1900,878,6,2.0,1.0,OldTown,New,108000
10417,1903,1601,2,1.0,1.0,Somerst,WD,140600
20556,2019,1482,5,2.5,1.0,Gilbert,WD,173000
6835,2005,1552,7,2.5,1.0,BrkSide,WD,218700
9691,2007,1514,2,1.5,2.0,Sawyer,WD,179100
13491,1940,1604,1,2.5,1.0,Gilbert,WD,167100
12072,1963,2035,3,1.0,1.0,Somerst,WD,200000
6747,1983,1028,2,1.5,0.0,OldTown,New,123000
6603,1931,1363,7,3.0,2.0,BrkSide,WD,156500
16222,1992,1767,4,2.5,2.0,NWAmes,WD,192000
17958,1985,1692,5,2.5,2.0,NWAmes,WD,189400
21080,1950,1684,7,2.5,2.0,BrkSide,New,162700
24391,1953,2601,6,1.0,3.0,CollgCr,WD,227900
10586,1938,1746,6,3.0,2.0,CollgCr,WD,174600
8471,1999,1952,7,1.5,3.0,Sawyer,WD,176400
19448,2022,1377,5,2.5,2.0,CollgCr,WD,209100
14137,2023,1103,2,3.0,0.0,BrkSide,WD,183600
6056,1995,1374,6,1.5,2.0,BrkSide,WD,174300
5903,1943,1785,3,2.5,2.0,OldTown,WD,191200
12657,1996,1663,3,1.0,2.0,NWAmes,New,208700
9058,1930,1661,5,2.5,1.0,Sawyer,WD,128700
9767,2011,1414,3,2.0,2.0,NWAmes,WD,196400
16920,1933,1350,1,1.0,3.0,CollgCr,WD,154400
14465,1949,1428,7,2.5,1.0,OldTown,New,193900
19244,1911,1790,4,3.0,0.0,OldTown,WD,140800
3768,1910,1836,5,1.0,1.0,CollgCr,WD,176900
11234,1948,1098,6,3.0,2.0,CollgCr,New,138000
14007,1968,1805,5,3.0,2.0,Somerst,WD,230400
4613,1902,1240,5,2.0,2.0,Sawyer,WD,125400
7133,2004,1688,6,3.0,3.0,NWAmes,WD,226100
6501,1914,1423,3,1.5,2.0,OldTown,WD,161800
10005,2023,2126,6,2.5,1.0,OldTown,WD,216700
22335,1933,1333,6,2.5,1.0,OldTown,WD,142600
27209,1946,1571,2,2.0,1.0,Somerst,WD,141700
6587,1919,1743,2,3.0,2.0,Sawyer,WD,116600
12878,2002,1150,7,3.0,0.0,OldTown,COD,158100
13087,1990,1471,7,2.5,1.0,Somerst,WD,152900
12014,1909,1393,7,2.0,3.0,NWAmes,ConLD,181500
12082,1913,1294,1,3.0,2.0,CollgCr,WD,148900
11520,1975,1324,7,2.0,0.0,OldTown,New,162100
23012,2007,1945,7,2.5,2.0,CollgCr,COD,221900
17175,1913,1261,6,1.0,2.0,CollgCr,WD,90800
5825,1927,1727,4,1.5,3.0,Sawyer,WD,194200
14733,1967,1626,4,3.0,2.0,BrkSide,WD,169500
15463,1913,941,4,2.0,0.0,Gilbert,WD,121800
11585,1937,1708,1,2.0,1.0,Sawyer,WD,171700
17426,1901,935,4,3.0,1.0,Sawyer,ConLD,118600
10873,1961,1751,2,1.5,2.0,BrkSide,WD,176000
10941,1988,1297,2,1.5,2.0,OldTown,WD,146300
10516,1951,1503,1,1.0,2.0,BrkSide,WD,156100
3608,1931,982,4,1.5,2.0,NWAmes,WD,94100
9507,1952,1549,1,2.0,1.0,NWAmes,WD,143800
7086,1963,1871,6,2.5,1.0,Sawyer,WD,147300
5469,1920,1177,7,1.5,1.0,NWAmes,New,96800
20272,1913,1257,6,2.0,2.0,CollgCr,WD,142200
12735,1922,1682,3,1.5,2.0,OldTown,WD,176600
9751,2022,1692,2,3.0,3.0,CollgCr,WD,207800
7462,1989,526,4,2.0,1.0,OldTown,WD,100500
11477,1915,2306,5,1.0,2.0,Somerst,WD,179200
16248,1937,1711,1,2.5,1.0,Sawyer,WD,153700
6545,1951,1779,6,1.5,2.0,Somerst,WD,163500
9873,1922,1443,4,3.0,0.0,Gilbert,New,127500
15276,2005,758,6,1.5,2.0,CollgCr,WD,109600
3759,2016,1770,1,3.0,1.0,Gilbert,WD,201000
9616,1930,1274,3,2.5,1.0,BrkSide,COD,122500
7985,1902,1718,4,1.0,2.0,Somerst,COD,169400
9257,1933,1412,1,2.5,1.0,NWAmes,WD,160100
7702,1972,1595,5,2.5,2.0,BrkSide,COD,182700
10602,2000,1190,7,2.0,1.0,Gilbert,New,166200
25895,1942,1846,4,1.0,3.0,Somerst,WD,151600
8417,1933,1025,3,2.0,1.0,OldTown,WD,111200
11451,1930,2398,5,2.5,2.0,BrkSide,WD,229800
26833,1900,2395,3,1.0,3.0,Gilbert,WD,220700
7518,1901,2153,3,1.5,2.0,OldTown,COD,222500
24522,1953,2010,6,2.5,1.0,NWAmes,WD,215300
9924,1976,1466,5,2.0,2.0,BrkSide,WD,176200
24124,1901,1967,2,3.0,0.0,BrkSide,WD,146200
14402,1924,1462,3,1.5,2.0,CollgCr,WD,135200
11540,2012,879,6,2.5,2.0,Somerst,New,139200
9578,2022,2101,4,2.0,2.0,BrkSide,WD,210800
7244,1979,1952,1,1.5,2.0,Sawyer,WD,186000
10279,1964,1487,6,3.0,1.0,NWAmes,WD,137400
15501,1972,1010,6,2.5,,Somerst,WD,128000
9832,1945,1266,2,2.0,1.0,Sawyer,WD,171900
8448,1924,772,7,1.5,2.0,Gilbert,WD,135100
8731,1946,1878,7,3.0,1.0,NWAmes,WD,165400
16256,1986,859,7,1.0,2.0,BrkSide,WD,160100
18262,1982,1615,3,1.0,2.0,Somerst,WD,187200
7090,1983,1163,7,1.0,3.0,Gilbert,WD,166900
7085,1975,929,6,2.5,2.0,OldTown,WD,138300
11964,1907,1595,7,1.0,0.0,Gilbert,New,128600
21243,1977,1366,4,2.5,1.0,NWAmes,WD,166100
17553,2009,1835,2,1.0,2.0,BrkSide,WD,203200
5293,1980,993,2,2.5,1.0,Somerst,COD,118800
8673,1971,1197,7,,1.0,BrkSide,WD,126400
6215,1927,545,4,3.0,1.0,Gilbert,COD,99000
8658,1998,626,7,1.5,2.0,CollgCr,WD,139200
22075,1955,2219,4,1.0,3.0,CollgCr,COD,211100
4860,1932,2333,4,2.5,1.0,CollgCr,WD,170100
4405,1960,1537,1,2.0,1.0,Somerst,New,182400
6540,1915,1170,3,3.0,2.0,NWAmes,WD,156400
11426,2014,1381,4,1.0,1.0,BrkSide,WD,125200
13499,1987,1849,1,2.0,3.0,BrkSide,WD,233400
12317,1940,1294,2,1.0,2.0,Gilbert,WD,145800
17816,1998,1595,5,2.0,2.0,NWAmes,WD,187700
4099,1906,1495,2,1.0,3.0,Gilbert,COD,185600
17929,1947,1272,5,2.5,2.0,Somerst,WD,183900
8467,1980,1290,4,2.5,1.0,CollgCr,New,169800
14268,1902,1617,3,1.0,2.0,NWAmes,WD,161200
5107,1987,1109,1,2.0,2.0,Sawyer,WD,126400
9922,2001,1681,3,2.0,2.0,OldTown,ConLD,149000
11138,1973,1311,4,2.5,3.0,OldTown,WD,190400
17639,1925,1551,5,2.0,1.0,CollgCr,WD,174400
4480,1992,2054,2,2.0,2.0,CollgCr,WD,191100
10050,1942,1433,1,3.0,1.0,CollgCr,WD,140800
5752,1991,1868,7,2.0,,OldTown,WD,173700
12743,1977,783,7,3.0,2.0,OldTown,WD,121300
14598,1911,1312,7,3.0,2.0,Somerst,WD,163800
18837,1912,1511,3,3.0,2.0,Sawyer,New,157900
7574,1901,2269,5,3.0,1.0,CollgCr,WD,175300
15735,1908,716,1,2.5,0.0,Somerst,WD,137700
19545,1937,1462,7,2.0,2.0,BrkSide,WD,129600
4352,1903,2083,1,2.0,2.0,CollgCr,WD,193200
13442,2016,1186,4,,2.0,BrkSide,New,145900
15983,2013,1415,6,3.0,2.0,NWAmes,WD,175400
8696,1921,1633,6,2.5,3.0,Sawyer,WD,177900
5402,1938,1574,7,3.0,2.0,Somerst,WD,181700
15859,1992,2126,4,2.5,1.0,Somerst,WD,194100
5433,1981,1679,1,2.0,2.0,Somerst,WD,176100
9053,1972,2031,1,1.5,2.0,OldTown,WD,194500
9701,2022,1356,2,3.0,3.0,Somerst,WD,168400
14154,1978,1204,1,2.5,2.0,BrkSide,WD,169100
7235,1983,1410,4,3.0,2.0,OldTown,WD,174900
7028,1962,1036,1,2.0,1.0,Gilbert,WD,139100
10399,1965,1693,2,2.0,2.0,Gilbert,WD,178000
16370,1936,1346,3,1.0,3.0,OldTown,WD,159800
31062,1964,1231,6,1.0,3.0,OldTown,WD,189200
4658,2013,1699,5,2.5,1.0,NWAmes,WD,202600
11587,1946,1043,1,1.5,1.0,CollgCr,WD,154300
5749,1916,1808,7,1.0,2.0,BrkSide,WD,178500
16472,1974,1309,4,2.5,2.0,CollgCr,WD,188000
6190,1997,1964,3,2.5,3.0,OldTown,WD,207600
7063,2018,1343,3,1.0,1.0,Somerst,WD,160000
7371,1967,1753,6,2.0,2.0,Somerst,WD,207200
9527,1997,1572,4,2.0,2.0,CollgCr,WD,199200
11633,1931,1798,2,,1.0,Gilbert,WD,157200
12605,1952,1544,3,2.5,1.0,Somerst,WD,134400
9869,1951,835,1,1.5,2.0,NWAmes,WD,123900
5090,1941,1904,2,3.0,1.0,CollgCr,WD,158100
14241,1988,1465,3,1.0,2.0,OldTown,New,208300
9638,2009,1816,2,3.0,2.0,OldTown,COD,214600
17692,1940,1776,3,1.0,2.0,OldTown,WD,161200
6947,1916,1191,1,2.5,1.0,BrkSide,WD,104200
4442,2002,1134,5,2.5,3.0,CollgCr,WD,156200
9730,2005,1762,1,2.0,2.0,Somerst,New,184000
18920,2015,1379,2,1.5,2.0,Gilbert,WD,173800
10726,1931,1875,7,1.0,2.0,OldTown,WD,201500
8957,1989,1429,1,1.5,2.0,Gilbert,WD,152800
6405,1988,1909,2,2.5,3.0,NWAmes,WD,256000
23834,1997,1669,4,2.5,2.0,Sawyer,WD,168800
5915,1999,1615,3,1.0,2.0,OldTown,WD,157100
6886,2018,1350,3,1.0,1.0,OldTown,WD,198200
13161,1959,1593,1,2.0,1.0,Sawyer,WD,186500
3913,1909,1977,3,2.0,2.0,Somerst,WD,174600
18719,1923,1478,6,3.0,1.0,OldTown,WD,150600
13522,2009,1712,5,2.5,2.0,NWAmes,WD,201800
15516,2004,1519,7,2.0,3.0,NWAmes,WD,196300
13083,1901,1550,5,2.0,2.0,BrkSide,New,126400
9131,1945,2189,6,2.5,0.0,BrkSide,New,127100
5816,1930,1981,4,2.0,2.0,NWAmes,COD,167900
9228,1939,1532,5,2.5,0.0,CollgCr,WD,175100
6078,1979,1586,5,1.0,2.0,Sawyer,WD,214800
12620,1963,1219,6,3.0,2.0,CollgCr,WD,147500
14815,1959,1431,4,3.0,2.0,Sawyer,WD,144000
20711,1953,1624,3,2.0,2.0,Gilbert,WD,177600
11919,1979,1840,1,2.0,2.0,Somerst,WD,200500
15714,1984,1800,7,2.0,1.0,BrkSide,WD,191000
8531,1905,1056,4,3.0,1.0,NWAmes,WD,63800
7792,1917,1891,6,1.0,2.0,Somerst,New,239100
12542,1942,1464,5,1.5,3.0,CollgCr,WD,194600
8158,1954,1105,1,2.5,1.0,Gilbert,WD,127800
11323,2023,2035,5,2.5,1.0,CollgCr,New,189300
5822,2010,2085,4,1.5,1.0,CollgCr,WD,222200
6369,1980,1605,2,1.0,2.0,OldTown,WD,189000
13598,1904,1784,2,2.0,1.0,Gilbert,WD,156000
15419,1912,1807,5,2.5,2.0,BrkSide,New,179000
6046,1956,2058,1,2.5,1.0,CollgCr,New,182500
13840,1972,1791,5,1.0,2.0,CollgCr,WD,194900
7583,1981,969,6,1.0,1.0,Gilbert,WD,146900
9979,1917,2304,1,1.5,2.0,CollgCr,WD,205500
20100,2010,1926,1,2.0,1.0,OldTown,WD,199500
14820,1961,1296,1,1.0,2.0,Gilbert,New,184200
14734,1973,1088,6,1.0,3.0,NWAmes,WD,128600
25704,1904,1702,6,2.0,1.0,OldTown,New,133700
6961,2002,1389,7,1.5,3.0,CollgCr,COD,186300
6045,1967,1632,1,2.5,1.0,CollgCr,WD,150100
6898,1927,1797,4,1.0,2.0,Gilbert,COD,165800
8715,1939,1273,1,3.0,2.0,Gilbert,WD,174300
3049,1943,1054,3,1.0,1.0,Sawyer,WD,122700
8922,1903,1654,3,,2.0,OldTown,New,122100
7538,2016,1287,5,3.0,0.0,Sawyer,WD,139900
14645,1999,1558,7,2.5,2.0,CollgCr,ConLD,183400
11804,2009,963,6,3.0,2.0,BrkSide,WD,153300
7329,1943,1399,1,1.0,3.0,BrkSide,WD,179800
13293,1969,1786,2,2.5,1.0,NWAmes,New,183200
14209,1956,1742,2,1.0,3.0,Sawyer,WD,188600
6739,1958,1185,2,2.5,1.0,Gilbert,WD,113500
7735,1973,1033,3,1.5,2.0,Sawyer,WD,136700
3253,1955,1506,5,2.5,1.0,OldTown,WD,141700
5737,1995,1724,6,1.0,1.0,OldTown,WD,172400
6828,1907,1662,7,3.0,0.0,BrkSide,New,150100
10271,1923,1295,5,2.0,2.0,Sawyer,WD,153000
6169,2010,1619,3,2.0,1.0,Gilbert,WD,193300
7656,2009,2101,2,2.0,2.0,Somerst,WD,207400
5363,2001,1582,3,1.0,3.0,Somerst,WD,226300
10781,1945,847,6,1.5,1.0,Somerst,WD,128300
12245,1956,1581,7,2.5,0.0,NWAmes,WD,148800
12103,1903,2318,3,3.0,1.0,Gilbert,New,195300
9958,1934,985,2,3.0,1.0,Sawyer,WD,105700
4580,1990,1512,1,2.0,2.0,Somerst,WD,134800
7259,1942,1409,1,1.5,2.0,Sawyer,COD,144800
8074,1959,1538,5,2.0,1.0,OldTown,WD,172000
8090,1915,1578,5,2.0,1.0,Sawyer,WD,147700
10275,1961,1956,5,1.5,2.0,Gilbert,ConLD,189900
20187,1989,1534,1,1.5,1.0,NWAmes,WD,148900
14854,1970,2011,4,3.0,2.0,Somerst,WD,159300
6040,1969,1453,2,1.5,3.0,Somerst,WD,207900
13894,2013,1360,3,1.0,1.0,Somerst,New,159300
13632,1929,1232,5,2.5,2.0,BrkSide,New,134700
6614,1937,773,2,2.5,2.0,OldTown,New,107000
15130,1977,1610,5,1.5,2.0,Gilbert,ConLD,203500
9134,1959,2322,3,2.5,2.0,BrkSide,WD,229800
4890,2021,1683,4,3.0,,NWAmes,WD,176300
12427,1907,1775,4,3.0,2.0,Gilbert,WD,189800
11031,1915,1335,3,2.5,2.0,Gilbert,COD,141800
8832,1942,1402,1,2.0,2.0,NWAmes,COD,144300
9714,1956,1894,5,1.0,2.0,Gilbert,WD,181900
6908,2010,2303,7,2.0,2.0,BrkSide,New,210800
13428,1961,2095,5,3.0,1.0,Gilbert,WD,161900
9684,1954,1822,6,3.0,2.0,Sawyer,WD,198700
10756,1920,1514,6,2.5,1.0,NWAmes,WD,139700
11832,1953,1584,1,3.0,1.0,Sawyer,ConLD,170200
5556,1965,1199,6,2.0,1.0,BrkSide,WD,146000
6329,1972,921,2,1.0,1.0,CollgCr,WD,138000
3278,1975,1049,5,2.0,2.0,BrkSide,ConLD,106100
13126,1953,1520,7,1.5,1.0,Gilbert,WD,137000
5399,1919,1383,7,3.0,2.0,NWAmes,WD,160000
10575,1918,912,3,2.5,2.0,Sawyer,WD,96900
11914,1919,1485,6,2.0,1.0,CollgCr,WD,149600
13375,1976,1373,5,1.5,1.0,Gilbert,WD,125300
5421,2006,1031,1,1.0,2.0,Gilbert,WD,155600
9580,2009,1352,2,1.0,2.0,BrkSide,New,206100
22814,1938,1372,7,1.5,1.0,Gilbert,WD,157200
23322,1909,1253,7,1.5,1.0,NWAmes,WD,89400
16215,1978,1871,7,1.5,1.0,NWAmes,New,198100
11716,1904,739,3,3.0,0.0,NWAmes,WD,121100
5988,1977,706,3,2.5,0.0,BrkSide,New,160700
14176,1947,1501,6,2.0,3.0,Sawyer,New,185000
9145,2004,1538,1,1.0,0.0,OldTown,COD,131300
13099,1977,1662,7,3.0,1.0,NWAmes,WD,178000
7213,1991,1284,5,2.5,3.0,Somerst,WD,208600
9077,1950,1133,5,2.0,2.0,CollgCr,WD,140400
10744,2004,1497,4,2.0,,BrkSide,COD,201200
11194,1965,1323,7,2.0,2.0,BrkSide,ConLD,142300
12668,1977,2120,6,3.0,3.0,BrkSide,WD,225900
7409,1944,1370,1,2.5,0.0,Somerst,WD,81600
5056,1955,1479,4,2.0,1.0,Somerst,WD,133600
22301,2004,2490,7,2.5,3.0,Sawyer,WD,246800
34359,1948,1422,1,3.0,2.0,CollgCr,New,152100
12378,1902,1722,6,1.5,3.0,OldTown,New,148100
5105,1946,1759,2,3.0,1.0,Somerst,WD,155400
6724,1948,1793,4,2.5,3.0,Gilbert,COD,198400
12766,1951,1616,7,1.0,1.0,NWAmes,WD,157300
19352,1908,1578,4,3.0,2.0,CollgCr,WD,157200
5397,1916,1540,1,2.5,3.0,NWAmes,WD,182900
9301,1940,1270,1,1.5,1.0,BrkSide,WD,129800
10916,1952,1630,6,1.5,1.0,CollgCr,New,187200
15249,1903,2311,7,3.0,2.0,Somerst,WD,175000
8335,1948,1984,3,3.0,,Somerst,WD,228900
4528,1939,1622,7,1.0,0.0,Somerst,WD,166000
13502,1904,1842,4,2.5,3.0,Gilbert,WD,174200
17368,1931,1152,1,1.0,1.0,Somerst,WD,121700
9497,1934,1396,4,1.5,2.0,Gilbert,WD,157900
12120,1917,1879,7,2.0,1.0,OldTown,WD,175200
7807,1993,2095,2,1.5,3.0,Gilbert,WD,243800
6484,1908,1192,7,2.0,1.0,OldTown,New,95900
16535,1971,1307,5,2.0,2.0,Somerst,WD,168700
12013,1982,2373,3,2.0,1.0,BrkSide,WD,167600
12647,1999,1539,5,3.0,3.0,Somerst,WD,189600
20974,1967,2229,3,1.0,2.0,Gilbert,WD,238600
5841,1967,1583,1,2.5,1.0,Somerst,WD,133600
7510,1994,1598,7,1.5,1.0,BrkSide,WD,138900
10710,2005,1378,3,1.0,1.0,BrkSide,WD,166500
7464,1926,1877,4,2.0,,BrkSide,WD,205600
14641,1998,2043,6,1.5,2.0,Somerst,WD,215100
9012,1957,1086,1,1.0,2.0,Somerst,ConLD,105500
6025,1912,1359,6,2.0,2.0,Gilbert,WD,111500
10228,1975,1866,3,3.0,2.0,Sawyer,WD,193900
10777,2021,1448,4,2.0,2.0,NWAmes,WD,159200
15793,1917,1303,4,2.5,1.0,Sawyer,WD,134300
12047,1901,1904,6,1.0,1.0,BrkSide,WD,163700
12464,2013,1941,2,1.0,1.0,Sawyer,New,185700
11616,1974,1320,1,1.5,2.0,Somerst,WD,197900
9008,1927,1585,3,2.5,1.0,CollgCr,WD,161900
6918,1998,1017,1,3.0,2.0,NWAmes,COD,176400
11435,1948,1142,2,1.0,1.0,Gilbert,WD,150400
8379,1941,1550,5,2.0,2.0,Sawyer,WD,161300
23038,1935,1513,6,1.5,0.0,Somerst,WD,132600
19362,1974,1113,5,2.5,2.0,CollgCr,WD,144300
13581,1916,1214,3,1.5,0.0,Somerst,New,128000
11959,1944,1074,6,2.0,1.0,Gilbert,WD,114100
9471,1937,1682,3,3.0,0.0,CollgCr,ConLD,180900
5268,1907,713,2,2.0,2.0,Somerst,WD,93200
8883,1994,1095,6,2.5,2.0,CollgCr,WD,159500
10412,1901,755,4,2.5,1.0,BrkSide,WD,92000
11100,2019,1668,3,,2.0,NWAmes,WD,185200
12516,1911,779,5,1.5,2.0,Sawyer,WD,156400
